enrollment_id,customer_type,aadhaar_verified,otp_verified,age,agriculture_land_own,home_ownership,monthly_farm_income,non_farm_income,years_doing_agriculture,has_debt,amount_requested,lead_approval_status
7629673,1,1,1,40,1,1,31350,44551,2,1,55000,1
3560428,0,1,0,61,1,0,31800,28126,7,1,60000,0
6934997,0,1,0,23,1,0,15400,41956,1,1,45000,0
5682812,0,1,0,40,1,0,52300,34017,7,1,70000,1
5335819,0,1,0,33,1,0,35900,34598,8,1,110000,0
8492423,0,1,0,21,1,0,23030,30428,7,1,60000,1
7948313,0,1,0,26,1,0,27950,34298,6,1,80000,1
4297036,0,1,0,43,1,0,50000,23425,2,1,110000,1
6493191,0,1,0,32,1,1,52600,44692,4,1,115000,1
8908605,1,1,1,51,1,1,30550,46324,2,1,60000,1
8990111,1,1,1,61,1,1,32700,36314,3,1,40000,0
3818616,0,1,0,34,1,1,38770,26867,7,1,80000,1
6889184,0,1,0,56,1,1,35550,31179,2,1,90000,1
6817588,0,1,0,24,1,1,21350,22634,2,1,100000,1
6235249,0,1,0,50,1,1,37000,23107,1,1,50000,1
8149720,0,0,0,61,1,1,61100,40560,4,0,90000,1
9375601,0,1,0,29,1,1,15150,43319,2,1,40000,0
7611317,0,1,0,32,1,1,36750,22173,0,1,40000,1
8515555,0,1,0,36,1,1,15200,44009,4,1,90000,1
4083808,0,1,0,42,1,1,47800,20785,3,1,40000,1
1403171,0,1,0,62,1,1,32400,46083,6,1,120000,0
8079784,0,1,0,40,1,1,31050,21255,4,1,60000,1
3884169,1,1,1,35,1,1,52200,33888,3,1,90000,0
2868841,0,0,0,66,1,1,36250,28546,2,0,105000,1
3470965,1,0,1,37,1,1,44990,40003,4,0,70000,1
1519375,0,1,0,31,1,1,27400,29229,3,1,50000,1
7769592,0,1,0,48,1,1,36350,48863,4,1,90000,0
4218775,0,1,0,53,1,1,17350,31514,2,1,60000,1
7290744,0,1,0,50,1,1,31650,41287,2,1,70000,0
1364529,0,1,0,46,1,1,30050,26057,5,1,70000,0
6502470,0,1,0,24,1,1,15800,22633,3,1,110000,0
2881357,0,1,0,49,1,1,18750,36612,3,1,35000,0
6398494,0,1,0,49,1,1,27500,30750,7,1,40000,0
7048193,0,1,0,23,1,1,22650,43403,7,1,40000,1
3769730,0,1,0,47,1,1,37980,45331,5,1,55000,1
5262916,0,1,0,33,1,1,20000,20971,3,1,50000,0
7581828,0,1,0,44,1,1,17300,26889,3,1,60000,1
5815308,0,1,0,33,1,1,26450,31264,3,1,70000,1
2817073,0,1,0,62,1,1,24550,41556,3,1,70000,1
3344880,0,1,0,27,1,1,22700,37356,3,1,135000,1
2958721,0,1,0,43,1,1,47150,31570,2,0,240000,0
5190815,0,1,0,41,1,1,17600,37180,3,1,60000,0
2291906,0,1,0,58,1,1,51850,42223,3,1,90000,0
4797409,0,1,0,55,1,1,32650,24878,3,1,70000,1
8700190,0,1,0,41,1,1,27650,39270,1,1,60000,1
8232654,0,1,0,64,1,1,67450,32011,4,1,60000,0
9345905,0,1,0,46,1,1,45480,35572,4,1,200000,1
6017637,0,1,0,51,1,1,18900,33183,8,1,80000,0
9071675,0,1,0,58,1,1,31250,25709,9,0,70000,0
5490466,0,1,0,19,1,1,37750,46552,2,1,50000,1
2843337,0,1,0,48,1,1,46350,22781,2,1,120000,1
2718414,0,1,0,35,1,1,52600,24454,2,1,70000,0
2154744,0,1,0,37,1,1,35950,34287,8,1,110000,1
3222253,0,1,0,24,1,1,20350,42589,9,1,50000,0
5867020,0,1,0,46,1,1,30350,42829,3,1,50000,1
3618715,0,1,0,40,1,1,37800,43217,0,1,80000,1
3738863,0,1,0,34,1,1,15200,23496,3,0,45000,1
1164716,0,1,0,62,1,1,67700,21957,3,1,70000,1
9056321,0,1,0,36,1,1,40600,26475,7,1,290000,1
4311351,0,1,0,41,1,1,15600,20646,2,1,80000,1
1213384,0,1,0,58,1,1,38600,40977,2,1,120000,1
3786494,0,1,0,57,1,1,26200,24787,4,0,40000,0
9153892,0,1,0,33,1,1,65600,22855,2,1,40000,1
4857902,0,1,0,19,1,1,33900,40288,3,0,60000,0
2649891,0,1,0,42,1,1,21500,26221,1,1,60000,1
9217393,0,1,0,41,1,1,61200,44017,10,1,90000,0
5627791,0,1,0,52,1,1,35500,20248,6,1,110000,0
3192100,0,1,0,42,1,1,33250,40048,2,1,80000,1
9862875,0,1,0,41,1,1,51850,27805,8,1,110000,0
1401385,0,1,0,25,1,1,45650,34125,3,1,90000,0
4838692,0,1,0,32,1,1,26400,20264,2,1,100000,1
2699043,0,1,0,28,1,1,15200,48798,3,1,60000,0
1510791,0,1,0,46,1,1,61550,48481,4,1,60000,1
6311037,0,1,0,36,1,1,22950,43757,1,1,55000,1
3385813,0,1,0,52,1,1,45150,21044,2,0,80000,1
7004468,0,1,0,41,1,1,93230,23157,5,1,50000,0
8669237,0,1,0,42,1,1,46950,34635,0,1,52500,1
1665640,0,1,0,38,1,1,62400,37418,4,0,360000,1
5706018,0,1,0,24,1,1,18500,23661,1,0,60000,1
8884442,0,1,0,23,1,1,32650,34423,4,1,70000,1
4502821,0,1,0,49,1,1,50500,46172,7,0,270000,1
2629825,0,1,0,34,1,1,32500,35915,3,0,90000,0
9839345,0,1,0,42,1,1,27900,23470,3,1,65000,1
1934688,0,1,0,42,1,1,56050,29977,3,0,90000,1
8258904,0,1,0,48,1,1,47800,26356,2,1,70000,0
6899559,0,1,0,40,1,1,27150,32481,0,1,120000,1
8262054,0,1,0,47,1,1,47000,22698,3,1,60000,1
5983465,0,1,0,41,1,1,51950,23895,8,1,120000,0
3337988,0,1,0,46,1,1,60000,36776,3,0,190000,1
1656355,0,1,0,41,1,1,50100,35206,8,1,300000,1
6494782,0,1,0,44,1,1,59330,26544,2,1,120000,1
3800876,0,1,0,38,1,1,25800,30826,3,1,70000,1
5208972,0,1,0,35,1,1,24500,46693,4,1,50000,1
1277624,0,1,0,27,1,1,24900,35681,2,1,60000,1
5646177,0,1,0,47,1,1,52900,22249,5,1,250000,1
2124770,0,1,0,24,1,1,20500,32525,4,1,50000,1
3381898,0,1,0,50,1,1,32750,39608,2,1,50000,0
2795644,0,1,0,43,1,1,62300,47107,3,0,80000,0
6776905,0,1,0,25,1,1,22550,30315,3,1,130000,0
2329716,0,1,0,39,1,1,32850,29162,1,1,100000,0
6378268,0,1,0,30,1,1,27300,24259,4,0,70000,1
9234410,0,1,0,38,1,1,36800,35156,3,0,270000,1
2690012,0,1,0,37,1,1,32660,44310,1,1,40000,1
6428253,0,1,0,34,1,1,30750,22450,2,0,70000,1
3407920,0,1,0,43,1,1,81650,23052,2,1,130000,0
6892812,0,1,0,55,1,1,36700,39374,4,1,90000,0
1533395,0,1,0,75,1,1,30950,27323,2,0,70000,0
1425120,0,1,0,55,1,1,20550,25588,0,1,80000,1
2437855,0,1,0,50,1,1,32200,47465,4,1,85000,1
9371990,0,1,0,45,1,1,27600,34454,5,1,40000,0
8502509,0,1,0,41,1,1,31850,34560,4,1,80000,1
8358375,0,1,0,53,1,1,52500,48756,1,1,70000,0
8858967,0,1,0,40,1,1,27350,46038,2,1,90000,1
5523257,0,1,0,27,1,1,25950,24380,4,1,60000,0
7793931,0,1,0,46,1,1,32300,29064,4,0,40000,0
2186969,0,1,0,36,1,1,22250,49220,3,1,55000,1
7130906,0,1,0,31,1,1,17350,34954,4,0,40000,0
8005018,0,1,0,40,1,1,27450,24245,7,1,40000,1
6978621,0,1,0,19,1,1,22050,21045,4,1,90000,0
8739167,0,1,0,29,1,1,15050,46743,2,1,110000,0
8915558,0,1,0,56,1,1,15200,21432,4,1,90000,1
5296882,0,1,0,29,1,1,22450,43437,5,1,40000,0
9260893,0,1,0,38,1,1,50200,20756,4,1,40000,0
6128590,0,1,0,55,1,1,41650,46957,2,1,42500,1
6989789,0,1,0,51,1,1,36250,40657,6,1,50000,1
1890237,0,1,0,46,1,1,17750,48847,1,0,100000,0
8846477,0,1,0,41,1,1,25200,39545,3,0,60000,1
5032836,0,1,0,31,1,1,52650,36766,4,0,70000,0
2350369,0,1,0,46,1,1,26450,40434,3,1,90000,0
5770277,0,1,0,44,1,1,37800,26664,3,1,70000,1
4378557,0,1,0,25,1,1,42900,45939,2,1,90000,1
6920639,0,1,0,42,1,1,51400,35306,3,1,90000,1
9706797,0,1,0,32,1,1,17000,42597,3,1,40000,0
6313574,0,1,0,32,1,1,45950,21731,2,0,70000,1
9129594,0,1,0,30,1,1,31000,40495,2,0,70000,1
9663676,0,1,0,28,1,1,27300,42916,2,1,70000,1
9438177,0,1,0,44,1,1,32750,39812,3,1,70000,1
1928639,0,1,0,22,1,1,40050,33773,3,1,40000,0
3005304,0,1,0,66,1,1,66750,45830,1,1,40000,0
6691564,0,1,0,39,1,1,34930,23262,3,1,170000,0
6307249,0,1,0,39,1,1,22970,37144,2,1,100000,1
4939789,0,1,0,40,1,1,26200,21926,3,1,110000,0
4488789,0,1,0,23,1,1,30250,34185,4,1,105000,1
3231870,0,1,0,60,1,1,31800,49641,4,1,115000,1
4891253,0,1,0,60,1,1,51700,29288,4,1,120000,0
8546747,0,1,0,66,1,1,17250,39679,3,1,120000,0
3265474,0,1,0,34,1,1,25500,46847,3,1,70000,1
6587812,0,1,0,34,1,1,20150,28193,8,1,160000,0
6943764,0,1,0,19,1,1,31150,43205,3,1,90000,1
1327168,0,1,0,45,1,1,18500,24673,2,1,70000,0
4867078,0,1,0,24,1,1,47100,25556,2,1,45000,1
8125443,0,1,0,40,1,1,32900,23705,4,1,80000,1
6765716,0,1,0,40,1,1,39750,39264,3,1,40000,1
5309894,0,1,0,30,1,1,16700,33987,3,1,60000,1
5700559,0,1,0,42,1,1,32750,36504,3,1,50000,1
2772888,0,1,0,50,1,1,66200,36149,2,1,50000,0
1463246,0,1,0,52,1,1,71800,37542,3,1,90000,1
6531677,0,1,0,51,1,1,26950,29211,4,1,80000,0
1437389,0,1,0,52,1,1,25100,22854,3,1,120000,0
8221640,0,1,0,42,1,1,50800,47282,4,1,60000,0
8072627,0,1,0,58,1,1,20100,30528,4,1,60000,1
9167945,0,1,0,45,1,1,53500,43500,8,1,50000,0
8166207,0,1,0,34,1,1,21250,27318,1,1,60000,1
6056016,0,1,0,66,1,1,52150,30700,0,1,50000,0
5229552,0,1,0,48,1,1,30300,31960,3,1,60000,1
2200507,0,1,0,59,1,1,35000,35200,8,1,210000,0
2158204,0,1,0,58,1,1,36030,39053,1,1,240000,1
4252472,0,1,0,27,1,1,32760,20793,3,1,90000,1
7260833,0,1,0,34,1,1,56420,41814,3,1,60000,0
9209967,0,1,0,42,1,1,59970,26729,3,1,40000,1
6493200,0,1,0,43,1,1,65100,31099,1,1,40000,0
5034378,0,1,0,57,1,1,30900,35001,2,1,60000,0
7634553,0,1,0,43,1,1,51250,22291,1,1,120000,1
9907762,0,1,0,49,1,1,17950,23875,3,1,40000,1
6419188,0,1,0,39,1,1,42350,21327,3,1,170000,1
2898121,0,1,0,33,1,1,38900,41294,3,1,115000,0
5450058,0,1,0,32,1,1,25800,23788,2,1,80000,0
4296677,0,1,0,54,1,1,65850,44643,4,1,60000,1
3509870,0,1,0,36,1,1,46100,46509,2,1,40000,0
1217055,0,1,0,50,1,1,37300,44836,7,1,80000,0
8890758,0,1,0,51,1,1,26900,34244,1,1,135000,1
7333173,0,1,0,32,1,1,35700,24156,2,1,60000,1
4358036,0,1,0,31,1,1,26150,31458,8,1,55000,1
3003105,0,1,0,31,1,1,28450,30303,2,1,140000,0
9918925,0,1,0,38,1,1,40250,25000,2,1,120000,0
3232246,0,1,0,53,1,1,47000,37823,2,1,60000,1
6639359,0,1,0,69,1,1,61250,46484,2,1,90000,1
7145455,0,1,0,51,1,1,26150,42498,3,1,120000,0
5314468,0,1,0,40,1,1,70600,23378,4,1,330000,0
5059582,0,1,0,60,1,1,42050,43100,8,1,510000,0
7373726,0,1,0,38,1,1,82300,24708,4,1,110000,1
8766703,0,1,0,21,1,1,31700,22697,3,1,40000,1
2867893,0,1,0,43,1,1,30900,38742,3,1,50000,1
8790471,0,1,0,25,1,1,17650,24233,3,1,70000,0
9143159,0,1,0,48,1,1,41150,20399,7,1,120000,1
1510487,0,1,0,39,1,1,56570,42101,4,1,80000,1
7076563,0,1,0,36,1,1,35700,48599,2,1,60000,1
6737150,0,1,0,27,1,1,9050,37950,3,1,70000,1
7076383,0,1,0,35,1,1,30150,23420,3,1,70000,0
7883052,0,1,0,35,1,1,30000,48310,1,0,80000,1
3403384,0,1,0,47,1,1,27350,40456,3,1,80000,1
6966205,0,1,0,73,1,1,31250,48045,4,0,70000,0
6191229,0,1,0,52,0,1,30090,22223,4,0,120000,1
4146169,0,1,0,51,1,1,31450,21548,5,1,90000,0
2596261,0,1,0,46,1,0,30650,35663,3,1,270000,1
3117436,0,1,0,56,1,1,70850,33912,6,1,80000,0
1480841,0,1,0,50,1,1,35110,43679,3,0,110000,0
2305888,0,1,0,24,1,1,34200,34441,2,1,80000,0
6178313,0,1,0,54,1,1,37700,33250,2,1,40000,0
7114507,0,1,0,41,1,1,25550,24772,1,1,120000,1
1579189,0,1,0,54,1,1,53700,27308,7,1,90000,0
6850850,0,1,0,41,0,1,32400,38790,4,0,40000,1
2414485,0,1,0,33,1,1,37100,48598,2,1,40000,0
2658749,0,1,0,35,1,1,21750,30578,4,1,120000,0
5256194,0,1,0,47,1,1,22350,37138,3,1,100000,0
7121524,0,1,0,27,1,1,16500,26030,2,1,70000,0
8942205,0,1,0,49,1,0,36750,40106,2,1,110000,1
7173341,0,1,0,25,1,0,21100,43509,3,1,45000,1
2165757,0,1,0,28,1,0,15150,48095,3,1,70000,1
3851891,0,1,0,42,1,0,24550,27825,4,0,55000,1
5164540,0,1,0,61,1,0,31900,31872,2,1,50000,1
5565421,0,1,0,30,1,0,42400,22477,4,0,60000,1
5557139,0,1,0,45,1,0,31400,41804,3,0,110000,1
9530482,0,1,0,47,1,0,21250,40468,4,1,60000,1
3527594,0,1,0,37,1,1,35700,46399,0,1,50000,0
3317660,0,1,0,44,1,1,21900,22688,3,1,40000,0
8249366,0,1,0,36,1,0,31800,35820,11,1,100000,1
7991945,0,1,0,46,1,0,62000,28479,3,1,210000,1
5023921,0,1,0,53,1,1,30260,48209,6,0,120000,0
8679172,0,1,0,48,1,1,31500,49616,3,1,60000,0
1128751,0,1,0,36,1,0,25900,47654,3,1,40000,1
4235216,0,1,0,45,1,0,27900,45820,3,1,110000,1
9132267,0,1,0,38,1,0,90850,36283,8,1,330000,1
8962654,0,1,0,38,1,0,36800,46554,6,1,70000,1
4172378,0,1,0,29,1,1,42350,32212,3,1,310000,0
2542984,0,1,0,47,1,1,25900,22018,4,0,90000,0
6367942,0,1,0,56,1,0,51150,23315,3,1,210000,1
9323397,0,1,0,39,1,0,52850,21130,3,1,40000,1
4063282,0,1,0,25,1,0,16920,36627,8,1,110000,1
4674730,0,1,0,53,1,0,31550,24297,3,1,40000,1
4882214,0,1,0,57,1,1,31100,21132,8,1,220000,0
3776899,0,1,0,31,1,1,42300,47576,10,1,240000,0
4741751,0,1,0,47,1,1,16950,34173,2,1,70000,0
4814727,0,1,0,30,1,0,31100,48671,3,1,40000,1
3827941,0,1,0,61,1,0,52200,20925,2,1,270000,1
2089071,0,1,0,51,1,1,51300,40843,2,1,110000,0
2854739,0,1,0,53,1,1,21450,30146,3,1,260000,0
7529264,0,1,0,57,1,1,16700,24390,1,1,40000,0
7845724,0,1,0,45,1,1,31950,36341,3,1,80000,0
8548317,0,1,0,40,1,1,37400,49489,5,1,110000,0
4427192,0,1,0,70,1,1,31850,41729,2,1,50000,0
2903292,0,1,0,36,1,1,18750,43275,2,1,60000,0
9379150,0,1,0,43,1,1,46800,21406,3,0,80000,0
1876676,0,1,0,48,1,1,26500,48968,3,0,40000,0
4763821,0,1,0,42,1,1,25000,33975,3,1,80000,0
6202768,0,1,0,56,1,1,44900,27985,2,1,110000,0
8369857,0,1,0,56,1,1,30410,32823,7,0,110000,0
2120242,0,1,0,63,1,1,46400,22479,4,1,110000,0
9857271,0,1,0,29,1,0,51050,47914,2,0,210000,1
6525296,0,1,0,22,1,0,32700,42557,2,1,50000,1
4846559,0,1,0,30,1,1,40900,36381,3,1,60000,0
9271318,0,1,0,33,1,0,31650,45683,4,1,80000,1
8507223,0,1,0,58,1,0,32650,30476,4,1,90000,1
2032920,0,1,0,51,1,1,16650,24301,7,1,80000,0
8270867,0,1,0,56,1,0,17100,39999,2,0,55000,1
3309505,0,1,0,45,1,1,42050,20030,2,1,60000,0
1477257,0,1,0,37,1,0,51960,30505,4,0,110000,1
9943711,0,1,0,44,1,1,42000,46893,3,0,60000,0
8452744,0,1,0,28,1,1,31400,31493,2,1,40000,0
8524987,0,1,0,53,1,1,50750,21890,4,1,79900,0
5636433,0,1,0,27,1,0,26600,26893,2,1,90000,1
3373460,0,1,0,31,1,0,47160,46157,3,0,80000,1
3595355,0,1,0,37,1,0,51500,49541,2,1,270000,1
6190525,0,1,0,70,1,1,65750,35555,1,1,40000,0
9587730,0,1,0,40,1,0,70400,39671,2,1,320000,1
7443808,0,1,0,36,1,1,42400,38078,1,1,90000,0
4177219,0,1,0,50,1,1,21550,45992,3,1,90000,0
2575818,0,1,0,36,1,0,30750,26133,4,1,160000,1
5809788,0,1,0,30,1,1,26000,36324,4,1,90000,0
2717104,0,1,0,43,1,1,23750,26834,2,1,160000,0
6414003,0,1,0,42,1,1,52250,23901,2,0,230000,0
5409482,0,1,0,49,1,1,31350,27505,2,1,60000,0
3054464,0,1,0,39,1,0,26900,40290,7,1,100000,1
6010393,0,1,0,60,1,1,16400,37293,3,1,40000,0
7859603,0,1,0,31,1,0,15850,29753,4,0,60000,1
2886166,0,1,0,49,1,0,32800,38448,1,0,105000,1
3825119,0,1,0,35,1,1,38600,49840,6,1,90000,0
8959442,0,1,0,35,1,1,20050,30460,1,1,40000,0
7981327,0,1,0,57,1,0,47900,20117,0,1,320000,1
1440697,0,1,0,46,1,1,25150,22949,2,1,50000,0
7130926,0,1,0,45,1,0,35650,49762,4,0,90000,1
7416937,0,1,0,57,1,0,46700,32782,4,1,50000,1
5026745,0,1,0,46,1,0,30750,33561,4,0,70000,1
1305751,0,1,0,48,1,0,22500,47577,2,1,60000,1
2772342,0,1,0,26,1,0,33900,21443,3,0,90000,1
7037207,0,1,0,28,1,0,19830,27311,7,1,70000,1
2606422,0,1,0,53,1,1,57350,22437,4,1,60000,0
4293299,0,1,0,48,1,0,25300,45988,7,1,45000,1
5293011,0,1,0,62,1,1,61000,33515,6,1,40000,0
5808568,0,1,0,27,1,0,19770,48546,2,0,40000,1
1264315,0,1,0,38,1,1,33200,30341,3,0,60000,0
2851430,0,1,0,59,1,1,35000,45632,3,1,70000,0
1479220,0,1,0,33,1,0,38850,34775,7,1,80000,1
4842467,0,1,0,26,1,0,20900,40184,3,1,40000,1
1990728,0,1,0,30,1,0,47800,30804,3,1,240000,1
3423311,0,1,0,61,1,1,28980,38016,2,1,60000,0
2235181,0,1,0,34,1,0,41300,29431,8,1,50000,1
8470131,0,1,0,56,1,1,30850,24848,4,0,120000,0
7899565,0,1,0,49,1,1,33610,48834,3,1,60000,0
4153723,0,1,0,22,1,1,25400,20361,3,1,85000,0
2099805,0,1,0,40,1,1,24250,27655,3,0,40000,0
4533419,0,1,0,47,1,0,32700,46048,3,1,50000,1
5180364,0,1,0,47,1,0,34850,45251,3,0,70000,1
3688882,0,1,0,41,1,0,32550,46006,4,1,80000,1
8633564,0,1,0,28,1,0,16100,32006,1,1,55000,1
3470890,0,1,0,48,1,1,43550,20533,3,1,90000,0
2870129,0,1,0,20,1,1,27850,33035,4,1,40000,0
2711141,0,1,0,33,1,1,45050,24344,8,1,110000,0
9852116,0,1,0,26,1,0,44500,31583,2,1,135000,1
9944358,0,1,0,49,1,1,20020,23298,1,0,160000,0
9839017,0,1,0,23,1,0,20750,44750,7,1,55000,1
9572490,0,1,0,52,1,0,15700,23689,1,1,70000,1
7333513,0,1,0,51,1,0,47300,36207,8,1,140000,1
1906268,0,1,0,52,1,1,21800,49315,2,1,60000,0
6859022,0,1,0,26,1,0,18900,33899,3,1,100000,1
6860110,0,1,0,34,1,1,27400,24292,3,1,120000,0
9120916,0,1,0,28,1,1,26600,40924,2,1,110000,0
6754706,0,1,0,47,1,1,28690,25820,9,1,50000,0
5877043,0,1,0,43,1,1,20750,43220,2,0,120000,0
3386783,0,1,0,38,1,0,60400,45104,4,1,60000,1
2778619,0,1,0,39,1,0,16600,33198,3,1,50000,1
9735320,0,1,0,61,1,0,50350,43200,3,1,160000,1
6024295,0,1,0,32,1,0,37500,49676,7,1,90000,1
1714678,0,1,0,45,1,1,27500,29997,4,1,160000,0
5493589,0,1,0,37,1,0,51810,38272,3,1,160000,1
9593413,0,1,0,44,1,1,28900,25205,3,0,80000,0
8891475,0,1,0,51,1,0,30550,20524,3,1,50000,1
4899961,0,1,0,37,1,0,51150,44088,2,1,110000,1
7714891,0,1,0,72,1,1,50250,48425,7,0,60000,0
2042006,0,1,0,43,1,0,27550,33853,4,1,70000,1
4947181,0,1,0,22,1,0,22750,25753,2,1,80000,1
8080899,0,1,0,76,1,0,25550,20309,3,0,70000,1
4414746,0,1,0,36,1,0,18550,49857,1,0,50000,1
3508242,0,1,0,37,1,0,70350,26571,3,1,90000,1
7567357,0,1,0,57,1,1,20150,31363,1,0,40000,0
2105574,0,1,0,45,1,0,36300,35135,4,0,60000,1
2948337,0,1,0,20,1,0,21200,28827,3,1,80000,1
2281584,0,1,0,28,1,0,19150,44776,3,1,170000,1
1662687,0,1,0,40,1,0,50960,48824,4,0,320000,1
2920619,0,1,0,45,1,0,22800,29221,3,1,40000,1
3449707,0,1,0,64,1,0,27000,43975,1,1,40000,1
5389807,0,1,0,41,1,1,27650,46758,8,1,70000,0
1313983,0,1,0,37,1,1,36400,31597,4,1,70000,0
2258142,0,1,0,64,1,1,50850,40168,2,1,70000,0
8002778,0,1,0,39,1,1,50300,48432,2,1,70000,0
6517566,0,1,0,54,1,1,21950,42832,3,1,50000,0
1759985,0,1,0,53,1,1,27050,39577,1,0,70000,0
7737371,0,1,0,53,1,0,32600,42622,4,0,80000,1
6559778,0,1,0,37,1,1,32000,24519,3,1,90000,0
1780217,0,1,0,49,1,0,41900,30201,4,0,40000,1
8031605,0,1,0,27,1,0,52800,39657,2,1,40000,1
4102493,0,1,0,63,1,0,61750,23812,6,1,80000,1
3090101,0,1,0,46,1,1,31550,34001,4,1,60000,0
4209025,0,1,0,37,1,0,67800,22329,1,1,210000,1
5459691,0,1,0,47,1,0,50850,41232,3,1,270000,1
4026194,0,1,0,30,1,0,52900,37712,2,1,90000,1
5601966,0,1,0,54,1,0,32050,43926,4,1,60000,1
6542220,0,1,0,62,1,1,66750,23745,3,0,90000,0
7082019,0,1,0,28,1,0,17850,33088,3,1,60000,1
3409619,0,1,0,67,1,1,61850,35933,6,1,120000,0
8323339,0,1,0,64,1,0,47900,36826,3,0,170000,1
6333397,0,1,0,60,1,1,72900,20198,4,1,70000,0
2367244,0,1,0,46,1,1,27880,23647,1,1,120000,0
6180719,0,1,0,36,1,1,32300,42496,4,1,100000,0
3988730,0,1,0,40,1,0,41100,43067,3,1,40000,1
1662593,0,1,0,29,1,0,32000,31879,2,1,40000,1
5705465,0,1,0,31,1,0,22050,26239,5,1,70000,1
5231496,0,1,0,62,1,1,30600,40990,6,1,40000,0
7041115,0,1,0,53,1,1,24050,42348,1,0,80000,0
1115491,0,1,0,32,1,0,21500,40043,4,0,50000,1
5462622,0,1,0,31,1,0,22150,49857,1,1,80000,1
8939661,0,1,0,27,1,0,67150,47379,2,1,280000,1
4327194,0,1,0,62,1,0,22600,30192,8,1,70000,1
9826225,0,1,0,41,1,1,18750,42554,7,1,120000,0
2196277,0,1,0,33,1,0,52050,47454,0,1,240000,1
2231863,0,1,0,30,1,1,30500,23123,5,1,40000,0
9370425,0,1,0,21,1,0,16850,38776,5,1,45000,1
3780822,0,1,0,60,1,0,50950,43483,1,1,70000,1
7660326,0,1,0,63,1,0,37950,41706,3,1,70000,1
2580721,0,1,0,30,1,1,26250,47681,9,0,70000,0
5190277,0,1,0,29,1,0,17450,48335,0,1,70000,1
4453838,0,1,0,29,1,1,50500,30576,2,1,90000,0
6652320,0,1,0,31,1,1,25750,45656,3,0,40000,0
4258443,0,1,0,22,1,0,16700,46225,3,1,80000,1
4708455,0,1,0,44,1,0,16050,43089,7,1,80000,1
6033204,0,1,0,30,1,1,15300,49548,2,1,60000,0
5383035,0,1,0,62,1,1,20050,30558,2,1,75000,0
4332719,0,1,0,38,1,0,52400,32193,7,0,40000,1
4591387,0,1,0,44,1,0,36700,28365,6,1,80000,1
7833425,0,1,0,30,1,0,25750,43089,4,0,50000,1
2200063,0,1,0,31,1,0,89400,49602,3,1,70000,1
1714643,0,1,0,45,1,1,33200,37604,4,1,60000,0
7132992,0,1,0,59,1,0,17150,21455,3,1,45000,1
7901321,0,1,0,28,1,1,22200,49807,3,1,90000,0
4433665,0,1,0,41,1,0,48990,34350,2,1,130000,1
5761192,0,1,0,35,1,0,37200,49642,4,1,80000,1
8572331,0,1,0,42,1,0,41550,47763,7,1,130000,1
6474344,0,1,0,45,1,0,18200,32504,4,1,75000,1
1964873,0,1,0,35,1,1,36600,21465,2,1,60000,0
9248384,0,1,0,54,1,1,39960,36937,4,1,110000,0
7378272,0,1,0,26,1,0,27300,48791,3,1,45000,1
9412285,0,1,0,42,1,0,66100,32621,1,1,90000,0
1838949,0,1,0,42,1,0,27600,22828,2,1,70000,0
4971599,0,1,0,37,1,0,35850,25687,4,1,70000,1
8865248,0,1,0,32,1,0,27000,44903,3,0,50000,1
3480222,0,1,0,37,1,0,26700,45355,3,1,110000,0
6863103,0,1,0,39,1,0,37050,48068,5,1,110000,1
9867349,0,1,0,36,1,0,47550,48039,4,1,110000,0
2014021,0,1,0,51,1,0,95650,35126,3,1,110000,1
9040401,0,1,0,50,1,1,37050,26529,3,1,110000,0
8646039,0,1,0,32,1,0,50450,34178,2,1,80000,0
5746463,0,1,0,24,1,0,33750,31815,1,0,70000,1
8161672,0,1,0,58,1,0,23400,32272,7,1,70000,1
9143865,0,1,0,25,1,0,27700,45944,2,1,135000,1
6933813,0,1,0,26,1,0,48160,42714,7,1,120000,0
3984909,0,1,0,44,0,0,32100,37269,4,0,60000,0
2253739,0,1,0,50,1,0,20950,38634,3,1,60000,1
8823941,0,1,0,30,1,0,36100,38923,3,1,55000,1
9712972,0,1,0,59,0,1,32900,29341,1,0,40000,0
7745980,0,1,0,61,1,0,37550,34734,3,0,50000,1
1535004,0,1,0,46,1,0,39750,29944,3,1,110000,1
3395537,0,1,0,30,0,1,30550,23026,1,1,70000,0
8774000,0,1,0,35,0,1,26550,39102,6,1,90000,0
3428572,0,1,0,47,0,1,25250,48888,3,0,40000,0
2239876,0,1,0,22,1,0,31000,36360,2,1,70000,1
9689285,0,1,0,46,0,1,31650,41758,6,0,40000,0
7756568,0,1,0,52,0,1,55000,37734,3,1,170000,0
7714575,0,1,0,21,0,1,21750,33891,3,1,140000,0
1654420,0,1,0,32,0,1,62600,32695,8,1,110000,0
8231492,0,1,0,45,0,1,61800,37478,3,1,110000,0
7010476,0,1,0,40,0,1,71100,35876,3,1,160000,0
1566038,0,1,0,43,1,0,65900,21875,3,0,290000,1
6511143,0,1,0,25,1,0,17800,26153,3,1,40000,1
4082270,0,1,0,72,0,1,37400,40921,4,0,120000,0
9311431,0,1,0,47,0,1,36200,38415,5,0,40000,0
6889458,0,1,0,33,1,0,46400,39519,3,1,60000,1
5832254,0,1,0,27,1,0,25550,43643,2,1,280000,1
7642433,0,1,0,35,0,1,32600,45871,1,1,110000,0
7792250,0,1,0,31,0,1,34750,44354,2,1,90000,0
8671817,0,1,0,50,0,1,29850,33918,1,0,90000,0
4314416,0,1,0,40,0,1,41700,36472,5,1,110000,0
4020366,0,1,0,53,0,1,67150,32676,3,1,40000,0
2863062,0,1,0,36,1,0,36150,45046,4,1,100000,1
2219734,0,1,0,47,1,0,51050,45285,8,1,90000,1
3136993,0,1,0,40,1,0,31850,48080,9,0,220000,1
5402020,0,1,0,36,0,1,81050,35015,3,1,80000,0
5446751,0,1,0,29,0,1,32450,30234,3,1,90000,0
6595326,0,1,0,45,1,0,22010,39185,3,0,40100,1
6466820,0,1,0,24,0,1,30050,36848,3,0,100000,0
4743890,0,1,0,55,1,0,50350,38020,3,1,60000,1
5675650,0,1,0,49,1,0,32800,38175,4,1,55000,1
4233962,0,1,0,71,0,1,21200,35844,4,1,50000,0
5023159,0,1,0,41,1,0,16900,20247,2,1,90000,1
7544924,0,1,0,40,0,1,60500,33983,4,1,140000,0
5539227,0,1,0,37,1,0,31700,42334,3,0,40000,1
2708666,0,1,0,33,0,1,31100,24570,8,1,50000,0
1756803,0,1,0,45,0,1,36450,48802,3,1,240000,0
8178448,0,1,0,57,0,1,31050,45477,3,1,60000,0
6025606,0,1,0,22,1,0,26950,48656,2,1,50000,1
2398945,0,1,0,29,0,1,27550,27264,5,1,100000,0
2063628,0,1,0,47,0,1,20450,29362,8,1,40000,0
8481549,0,1,0,53,0,1,65700,40541,2,1,160000,0
6327984,0,1,0,48,0,1,36950,49411,2,1,40000,0
5694167,0,1,0,45,1,0,34050,33376,2,1,70000,1
9972182,0,1,0,34,1,0,50550,22330,4,1,50000,1
6669964,0,1,0,68,0,1,22350,27822,10,0,90000,0
7798750,0,1,0,30,0,1,52050,49280,3,0,50000,0
4788815,0,1,0,67,1,0,77080,30302,2,0,60000,1
9533410,0,1,0,58,1,0,55820,37772,4,0,70000,1
7116523,0,1,0,42,0,1,37300,25933,6,1,40000,0
3995597,0,1,0,40,0,1,51750,49129,3,1,80000,0
5211335,0,1,0,41,0,1,21550,31304,0,1,70000,0
8782785,0,1,0,50,1,0,50600,30456,3,0,200000,1
5194320,0,1,0,34,0,1,27600,27430,4,1,70000,0
3751541,0,1,0,57,0,1,25050,22456,3,1,80000,0
3106804,0,1,0,56,1,0,29800,20458,4,1,60000,1
9607408,0,1,0,31,0,1,40250,47157,6,1,80000,0
1905867,0,1,0,41,0,1,17950,33634,2,1,89900,0
4694254,0,1,0,36,0,1,46750,40940,7,1,40000,0
5413897,0,1,0,41,0,1,50950,30224,2,1,70000,0
8305984,0,1,0,45,1,0,31250,22095,4,1,60000,1
3530396,0,1,0,65,0,1,32050,26065,4,1,60000,0
8819329,0,1,0,32,1,0,35400,22061,4,0,50000,1
5605121,0,1,0,39,1,0,31900,30289,4,0,75000,1
4168090,0,1,0,45,0,1,31800,36928,2,1,120000,0
4472405,0,1,0,38,1,0,52200,39476,4,1,240000,1
7068542,0,1,0,54,1,0,47100,27369,4,0,50000,1
7658216,0,1,0,39,1,0,37650,28541,3,0,40000,1
4687619,0,1,0,42,1,0,62550,20701,2,1,145000,1
4826632,0,1,0,50,1,0,26500,43679,3,1,50000,1
4562159,0,1,0,35,1,0,38950,40840,4,0,80000,1
8161988,0,1,0,32,0,1,25700,23697,2,1,135000,0
6852067,0,1,0,54,0,1,35300,43817,3,0,270000,0
3490761,0,1,0,39,1,0,31100,49840,0,1,40000,1
8056220,0,1,0,44,1,0,55970,22080,6,0,90000,1
4767118,0,1,0,61,1,0,60700,26764,8,1,370000,1
9651413,0,1,0,25,1,0,17650,42498,3,1,70000,1
7576927,0,1,0,58,0,1,45150,37363,6,1,90000,0
9465005,0,1,0,42,1,0,30550,45140,2,1,160000,1
4816809,0,1,0,65,0,1,30400,37992,3,0,60000,0
8275677,0,1,0,34,0,1,22550,34860,3,1,80000,0
7869458,0,1,0,59,1,0,51450,32049,1,1,70000,1
7415956,0,1,0,35,1,0,41850,32163,1,1,40000,1
7407412,0,1,0,43,1,0,35910,35913,3,1,40000,1
6994771,0,1,0,53,0,1,31750,32613,2,1,90000,0
9121899,0,1,0,32,1,0,45000,47187,1,1,55000,1
9240098,0,1,0,78,0,1,47300,45547,3,0,60000,0
7927758,0,1,0,46,1,0,70150,24163,3,1,210000,1
2470792,0,1,0,43,1,0,41150,33647,6,1,40000,1
5914108,0,1,0,52,0,1,21700,28082,2,0,60000,0
8944968,0,1,0,41,1,0,16700,21642,4,1,110000,1
9927335,0,1,0,38,0,1,32650,20255,4,1,110000,0
8727329,0,1,0,50,0,1,31690,35726,2,1,40000,0
9334850,0,1,0,35,0,1,31900,47494,3,0,120000,0
4587631,0,1,0,39,1,0,32350,32154,4,1,135000,1
3046666,0,1,0,61,1,0,28650,29692,2,1,60000,1
6239065,0,1,0,38,1,0,29430,41152,0,1,85000,1
8339862,0,1,0,55,1,0,82450,23940,3,1,280000,1
3048166,0,1,0,45,0,1,66300,47071,1,1,90000,0
5698441,0,1,0,38,0,1,20250,44465,3,0,110000,0
7690758,0,1,0,50,0,1,37400,25099,4,0,110000,0
7616407,0,1,0,28,1,0,23550,41298,7,1,40000,1
4585489,0,1,0,22,1,0,22800,25416,2,1,40000,1
7038572,0,1,0,56,1,0,40050,34449,4,1,120000,1
7474151,0,1,0,46,1,0,15950,38652,7,1,70000,1
5121513,0,1,0,52,0,1,40000,40770,7,1,120000,0
3227397,0,1,0,51,0,1,31800,39309,7,0,80000,0
7846122,0,1,0,35,1,0,30100,37299,5,1,70000,1
3633391,0,1,0,36,1,0,26250,35375,5,1,60000,1
7395883,0,1,0,47,1,0,97550,38575,4,1,210000,1
3855669,0,1,0,37,0,1,52000,24796,1,1,79900,0
9929029,0,1,0,29,0,1,49900,43012,2,1,60000,0
7394534,0,1,0,51,1,0,36950,29633,7,1,40000,1
7573188,0,1,0,53,1,1,36900,43418,2,1,60000,1
7617814,0,1,0,26,0,1,16550,37727,4,1,60000,0
6568405,0,1,0,47,0,1,36150,21405,7,1,100000,0
1120829,0,1,0,40,1,1,61550,34990,7,1,170000,1
2242083,0,1,0,51,0,1,27250,48945,1,1,60000,0
7077217,0,1,0,33,1,1,37400,42881,6,1,110000,1
4672675,0,1,0,27,1,1,24470,33319,3,1,55000,1
8627122,0,1,0,48,0,1,47400,36008,3,1,125000,0
4467396,0,1,0,42,0,1,50950,34002,2,1,50000,0
4001561,0,1,0,50,1,1,26500,44944,4,1,70000,1
9115608,0,1,0,63,0,1,60500,28288,7,1,110000,0
5577257,0,1,0,48,1,1,25800,35819,5,1,70000,1
7218237,0,1,0,29,0,1,21700,47405,4,1,110000,0
9181475,0,1,0,52,1,1,65050,28459,3,1,170000,1
1300412,0,1,0,55,1,1,40700,40754,2,1,70000,1
6487580,0,1,0,50,1,1,22050,37777,5,1,40000,1
4590760,0,1,0,40,0,1,18810,20648,1,0,75000,0
4972622,0,1,0,28,1,1,21600,37062,3,1,50000,1
8146598,0,1,0,56,1,1,21500,26793,6,1,60000,1
3325956,0,1,0,22,1,1,35200,34412,2,1,60000,1
8122816,0,1,0,29,0,1,22720,21717,3,0,60000,0
6418304,0,1,0,29,0,1,87620,40785,4,0,50000,0
2977929,0,1,0,53,1,1,21300,45496,3,0,40000,1
4909727,0,1,0,26,0,1,21950,36411,4,1,40000,0
2902439,0,1,0,58,1,1,47250,27908,2,1,190000,1
6039803,0,1,0,44,0,1,37450,46607,3,0,270000,0
1112537,0,1,0,42,0,1,15600,33134,4,1,80000,0
2083787,0,1,0,66,0,1,20950,27216,4,0,60000,0
6701122,0,1,0,35,0,1,54470,22427,3,0,90000,0
6345185,0,1,0,47,1,1,17950,48908,1,1,70000,1
7386875,0,1,0,25,1,1,45200,36110,3,1,120000,1
4555937,0,1,0,49,0,1,31850,42358,2,1,55000,0
2965699,0,1,0,23,1,1,26750,43059,4,0,40000,1
5674760,0,1,0,47,0,1,30850,40702,5,1,40000,0
8937291,0,1,0,53,1,1,35750,42457,0,1,70000,1
2866553,0,1,0,57,0,1,17450,20476,4,1,40000,0
6255157,0,1,0,34,1,1,27400,34410,7,0,70000,1
5169416,0,1,0,25,1,1,39950,45856,0,1,70000,1
7050230,0,1,0,29,1,1,21400,27518,3,1,170000,1
8817197,0,1,0,54,0,1,66650,36104,2,1,110000,0
9834268,0,1,0,46,1,1,16000,36970,8,1,60000,1
6718816,0,1,0,39,1,1,26660,34798,1,1,60000,1
7340624,0,1,0,39,1,1,26800,23543,3,1,80000,1
4997990,0,1,0,53,0,1,35250,20190,7,0,50000,0
8731891,0,1,0,25,1,1,40100,29717,3,0,100000,1
7891756,0,1,0,34,1,1,27700,33115,2,1,90000,1
2767507,0,1,0,50,1,1,28550,36452,3,1,70000,1
5885329,0,1,0,64,0,1,16950,23497,2,1,110000,0
9616977,0,1,0,56,0,1,24200,46988,2,1,40000,0
8608125,0,1,0,33,1,1,41750,35266,3,1,70000,1
4970325,1,1,1,41,1,1,35750,46791,7,1,40000,1
6037943,0,1,0,51,0,1,36250,28778,3,0,145000,0
6209498,1,0,1,43,1,1,50050,22013,2,0,190000,1
8468764,1,1,1,29,1,1,20550,47520,1,1,100000,1
7254661,0,1,0,50,0,1,22300,22845,6,1,90000,0
3580417,0,1,0,43,0,1,26500,21968,3,1,90000,0
7276167,0,1,0,28,0,1,32000,26063,2,1,110000,0
7756057,0,1,0,60,1,1,30500,37933,11,1,270000,1
2623407,0,1,0,49,0,1,37600,45033,2,1,40000,0
8072596,0,1,0,32,1,1,23300,35854,3,1,80000,1
2597274,1,1,1,46,1,1,30700,42674,2,1,70000,1
6671410,0,1,0,55,0,1,31450,21435,3,0,110000,0
6150110,0,1,0,32,0,1,33450,24217,3,0,100000,0
5271596,0,1,0,38,0,1,46600,20092,3,1,110000,0
1222005,0,1,0,53,0,1,20850,30888,2,1,70000,0
5635226,0,1,0,41,0,1,32250,33309,3,1,110000,0
6605275,0,1,0,35,0,1,81800,41100,4,1,160000,0
6937519,1,1,1,45,1,1,42750,48759,2,1,60000,1
8607666,0,1,0,52,0,1,15400,40001,1,1,60000,0
5833759,0,1,0,49,0,1,52650,41685,3,1,70000,0
5534856,0,1,0,47,0,1,26450,41790,7,1,60000,0
2052508,0,1,0,42,0,1,15950,20809,2,1,70000,0
5420334,0,1,0,48,0,1,62650,37035,2,1,60000,0
9457261,0,1,0,43,1,1,30350,22713,3,1,90000,1
5547450,1,1,1,55,1,1,30650,30719,3,1,135000,1
6266530,0,1,0,39,0,1,46700,44868,3,1,60000,0
5147377,0,1,0,46,0,1,37600,43201,3,1,110000,0
8588942,0,1,0,51,0,1,16550,42410,4,0,110000,0
2323970,0,1,0,43,1,1,30600,20875,2,1,240000,1
3365494,0,0,0,55,1,1,32650,25320,3,0,155000,1
7709095,0,1,0,19,0,1,32300,48532,3,1,70000,0
9323249,0,1,0,28,1,1,70500,44218,2,1,310000,1
1605788,0,1,0,27,1,1,37300,24643,3,1,80000,1
8313790,0,1,0,43,1,1,36550,43230,2,1,40000,1
5326024,0,1,0,28,0,1,32550,26727,4,0,90000,0
1410722,0,1,0,56,0,1,65900,22744,4,0,120000,0
1241399,0,1,0,43,1,1,51650,44593,3,1,75000,1
6923019,0,1,0,38,1,1,38750,46357,0,1,240000,1
9883741,0,1,0,61,0,1,42500,27420,2,1,70000,0
5668948,0,0,0,43,1,1,27600,23657,4,0,45000,1
7947035,0,1,0,42,1,1,36250,20315,2,1,90000,1
1251427,0,1,0,50,1,1,96600,45953,3,1,80000,1
3379357,0,1,0,47,0,1,32050,37418,5,1,90000,0
7000464,0,1,0,55,1,1,20550,21356,5,1,50000,1
7378062,1,1,1,21,1,1,27250,23260,4,1,110000,1
5862149,0,1,0,35,0,1,31050,22570,4,1,40000,0
2682407,1,1,1,37,1,1,32750,46707,7,1,75000,1
7868299,0,1,0,66,0,1,36750,29445,3,1,125000,0
3324863,0,1,0,37,0,1,16890,44231,4,0,80000,0
1234917,1,1,1,42,1,1,17850,25158,8,0,60000,1
7523989,0,1,0,44,0,1,32800,22357,4,0,110000,0
6181468,1,1,1,39,1,1,26750,47857,1,1,70000,1
1484579,0,1,0,57,0,1,19100,42965,10,1,80000,0
7978292,1,1,1,34,1,1,53700,24768,4,1,70000,1
9044620,1,1,1,48,1,1,30800,41380,3,1,40000,1
3456626,1,1,1,60,1,1,25500,43815,1,1,50000,1
6885627,1,1,1,21,1,1,17450,48038,3,1,80000,1
8156030,0,1,0,55,0,1,25800,37241,2,1,90000,0
7890332,1,1,1,56,1,1,46200,42194,3,1,190000,1
5534305,1,1,1,54,1,1,25950,45367,7,1,120000,1
8468025,0,1,0,36,0,1,67350,48964,2,1,80000,0
4343205,0,1,0,43,0,1,52600,26629,3,0,260000,0
9412630,0,1,0,33,0,1,65050,23451,2,1,40000,0
2472222,0,1,0,43,0,1,16450,24129,2,1,60000,0
2124693,1,1,1,51,1,1,20550,31444,7,1,60000,1
6953585,0,1,0,54,0,1,27600,30178,2,1,40000,0
8662405,0,1,0,54,0,1,52450,30752,4,0,50000,0
5585001,1,1,1,53,1,1,20100,42099,3,1,60000,1
4589992,0,1,0,51,0,1,18400,36733,1,1,70000,0
5842992,1,1,1,39,1,1,17980,48009,7,0,35000,1
9514241,0,1,0,75,0,1,71050,28845,8,1,520000,0
8678024,1,1,1,42,1,1,47200,21917,4,1,40000,1
8085807,1,1,1,41,1,1,45450,36311,3,0,270000,1
9975305,0,1,0,45,0,1,35650,46627,4,1,50000,0
6914373,0,1,0,33,0,1,36950,41537,3,1,120000,0
1436722,0,1,0,27,0,1,22650,43498,3,1,60000,0
5748492,0,1,0,50,0,1,33270,20495,2,1,70000,0
7170885,0,1,0,48,0,1,26700,23033,2,1,100000,0
8222543,0,1,0,42,0,1,51900,29345,5,1,90000,0
2808974,1,1,1,52,1,1,42700,33781,3,1,110000,1
5546631,0,1,0,41,0,1,34350,23040,2,1,40000,0
8061126,1,1,1,41,1,1,57050,23583,3,1,60000,1
4793832,1,1,1,33,1,1,62650,31354,3,1,95000,1
5343209,1,1,1,44,1,1,16520,42258,8,1,60000,1
8095398,1,1,1,32,1,1,26550,34664,3,1,60000,1
6989786,1,1,1,27,1,1,26800,25740,4,0,50000,1
2029862,0,1,0,38,0,1,52950,33912,3,1,80000,0
4235576,0,1,0,32,0,1,24000,26453,2,1,40000,0
1732604,1,1,1,36,1,1,31650,48232,4,1,40000,1
9814162,1,1,1,34,1,1,51700,31397,3,0,110000,1
3828592,1,1,1,45,1,1,45600,31949,2,1,190000,1
5703296,0,1,0,74,0,1,52260,28255,3,0,40000,0
4733044,1,1,1,45,1,1,18600,48373,2,1,70000,1
1390654,1,1,1,20,1,1,27100,47128,4,1,120000,1
8268784,1,1,1,67,1,1,49550,25689,3,1,120000,1
7101684,0,1,0,51,0,1,19350,37935,1,1,90000,0
6064677,1,1,1,32,1,1,30900,30332,5,0,35000,1
4179908,1,1,1,26,1,1,31250,35576,2,1,70000,1
1155811,0,1,0,46,0,1,35100,24164,4,1,50000,0
5483512,0,1,0,56,0,1,50000,23413,2,1,109900,0
6594000,1,1,1,34,1,1,25350,21203,4,1,60000,1
2602058,0,1,0,50,0,1,72190,27263,2,1,110000,0
7733098,0,1,0,55,0,1,27150,22058,3,0,80000,0
7374168,0,1,0,54,0,1,36350,22188,2,1,80000,0
4275103,1,1,1,30,1,1,46290,46586,3,1,40000,1
5408588,1,1,1,43,1,1,47400,26169,4,0,40000,1
5322351,1,1,1,61,1,1,57050,25182,1,1,240000,1
3626813,1,1,1,52,1,1,27700,44118,2,1,60000,1
7308727,1,1,1,26,1,1,25000,33040,3,1,105000,1
7467058,0,1,0,41,0,1,21200,25519,3,1,70000,0
8453853,1,1,1,38,1,1,30100,43574,3,1,80000,1
1836933,1,1,1,62,1,1,16300,48174,8,1,70000,1
2290780,0,1,0,29,0,1,21350,29878,2,1,40000,0
8255598,1,1,1,49,1,1,20250,36406,3,0,60000,1
6128800,1,1,1,52,1,1,67150,30805,3,1,170000,1
9276506,0,1,0,46,0,1,31350,25896,1,1,60000,0
5086807,1,1,1,30,1,1,38000,46040,3,1,70000,1
9203539,1,1,1,49,1,1,36300,33259,1,1,80000,1
2720830,0,1,0,39,0,1,32350,42070,4,1,480000,0
7790120,0,1,0,33,0,1,66500,27387,3,1,40000,0
7838675,1,1,1,21,1,1,30800,43221,0,1,50000,1
8089497,1,1,1,56,1,1,36650,32573,6,1,90000,1
1744716,0,1,0,53,0,1,38100,42480,4,0,115000,0
6185537,0,1,0,53,0,1,17500,33052,4,1,60000,0
6905760,1,1,1,48,1,1,47000,27622,2,1,190000,1
6215041,0,1,0,30,0,1,41700,42252,2,1,90000,0
2865650,0,1,0,57,0,1,26250,39228,7,1,110000,0
4861319,1,1,1,66,1,1,31700,29884,4,1,240000,1
2829726,0,1,0,60,0,1,22970,44585,3,0,60000,0
8052542,1,1,1,35,1,1,16050,34512,4,1,80000,1
6491069,1,1,1,40,1,1,51650,29310,3,0,60000,1
7808759,0,1,0,57,0,1,31450,30966,3,1,90000,0
7816041,1,1,1,40,1,1,59770,41014,4,1,70000,1
3395358,1,1,1,39,1,1,25150,42517,0,1,80000,1
6004541,1,1,1,46,1,1,37050,37427,7,1,40000,1
5895747,1,1,1,30,1,1,41900,37405,4,0,120000,1
3976715,0,1,0,60,0,1,45400,39393,3,0,240000,0
4651021,0,1,0,51,0,1,36800,26688,2,1,70000,0
2224386,1,1,1,38,1,1,51900,36238,6,1,70000,1
4147272,0,1,0,51,0,1,50350,20821,3,1,90000,0
7985882,0,1,0,49,0,1,17950,35198,5,1,120000,0
5865750,0,1,0,72,0,1,34300,28400,4,1,90000,0
5334542,0,1,0,46,0,1,26650,41672,2,0,80000,0
5287552,0,1,0,24,0,1,17450,43210,4,1,50000,0
3896386,0,1,0,64,0,1,15700,42284,8,1,110000,0
5326986,0,1,0,56,0,1,17250,40096,3,1,70000,0
8767287,1,1,1,31,1,1,37800,44196,0,1,80000,1
1801406,1,1,1,35,1,1,36350,49308,3,1,145000,1
7515396,0,1,0,57,0,1,19750,48047,7,1,380000,0
7844306,1,1,1,58,1,1,30100,41373,3,0,40000,1
9032235,0,1,0,59,0,1,67650,24033,4,1,120000,0
8601043,0,1,0,29,0,1,20010,33708,5,1,120000,0
3471644,1,1,1,43,1,1,30150,28961,3,1,45000,1
1733085,1,1,1,52,1,1,32600,32033,3,1,70000,1
7922523,0,1,0,58,0,1,40650,28319,3,1,130000,0
1490233,0,1,0,22,0,1,32050,38251,3,1,115000,0
8852514,0,1,0,48,0,1,16400,21563,3,1,60000,0
6172346,0,1,0,68,0,1,42300,30300,4,0,40000,0
5564581,0,1,0,52,0,1,22600,22744,4,1,60000,0
2626256,1,1,1,37,1,1,22350,45258,3,1,70000,1
2540490,0,1,0,45,0,1,51400,25772,4,1,60000,0
8320175,1,1,1,52,1,1,52900,28392,2,1,210000,1
2981497,0,1,0,41,0,1,51150,48964,2,1,60000,0
2152489,1,1,1,38,1,1,15800,42522,1,1,55000,1
9207696,0,1,0,47,0,1,45400,31211,5,1,90000,0
8853688,1,1,1,53,1,1,71270,23131,3,0,50000,1
6547646,0,1,0,61,0,1,16600,35353,2,1,60000,0
3349357,1,1,1,26,1,1,51650,41684,5,1,250000,1
6337761,0,1,0,47,0,1,31550,47622,3,1,40000,0
6735784,1,1,1,33,1,1,34350,45199,2,1,210000,1
5046002,1,1,1,29,1,1,18000,26502,3,1,40000,1
8522095,1,1,1,26,1,1,22250,36501,4,1,70000,1
6948784,1,1,1,31,1,1,52000,29009,3,1,90000,1
8762806,1,1,1,33,1,1,33250,42205,7,0,60000,1
3919294,0,1,0,34,0,1,25500,42035,5,1,70000,0
6618370,0,1,0,34,0,1,15250,47078,8,1,40000,0
9497011,0,1,0,38,0,1,50250,32967,1,0,70000,0
8351120,0,1,0,47,0,1,27470,21997,2,1,100000,0
1610043,1,1,1,23,1,1,60450,48920,2,1,135000,1
8199796,1,1,1,54,1,1,42750,42244,4,0,70000,1
2126815,0,1,0,51,0,1,52650,45764,3,0,230000,0
5162193,1,1,1,56,1,1,45800,39202,2,1,115000,1
6646360,1,1,1,67,1,1,46850,41017,4,1,80000,1
6328576,1,1,1,55,1,1,32400,42219,2,1,60000,1
2445358,0,1,0,46,0,1,18650,32138,1,1,50000,0
8125913,1,1,1,68,1,1,22050,45752,4,1,40000,1
4877099,1,1,1,28,1,1,31850,33729,3,1,60000,1
6442965,0,1,0,32,0,1,20700,44392,2,1,65000,0
2376863,0,1,0,24,0,1,18400,49418,4,0,60000,0
3247739,1,1,1,34,1,1,30450,37888,8,1,120000,1
5381751,1,1,1,62,1,1,42450,23120,5,0,70000,1
5143057,1,1,1,42,1,1,37500,33304,2,1,60000,1
5874883,0,1,0,20,0,1,22070,30600,3,0,70000,0
9439202,0,1,0,27,0,1,26150,31095,4,0,80000,0
1560973,0,1,0,47,0,1,30400,21995,3,0,120000,0
9899899,1,1,1,43,1,1,32300,49785,2,1,80000,1
8382605,0,1,0,62,0,1,35250,29197,6,1,50000,0
5146968,0,1,0,42,0,1,31500,38297,2,1,80000,0
1864241,0,1,0,30,0,1,36550,47713,3,1,120000,0
1828873,0,1,0,61,0,1,31300,42732,3,1,40000,0
6100557,1,1,1,84,1,1,25650,45072,3,1,70000,1
4266598,1,1,1,31,1,1,31100,45155,3,1,250000,1
9907272,0,1,0,20,0,1,26300,25029,2,1,60000,0
9453734,1,1,1,46,1,1,17050,38553,6,1,90000,1
4536829,1,1,1,41,1,1,52100,43658,2,1,310000,1
3969687,0,1,0,32,0,1,30400,22267,3,1,60000,0
8886720,0,1,0,40,0,1,43590,46357,7,1,40000,0
9742389,0,1,0,45,0,1,40350,43170,4,1,70000,0
3055324,0,1,0,37,0,1,32250,30412,1,1,40000,0
3314709,0,1,0,26,0,1,21700,46346,5,1,60000,0
9846453,1,1,1,42,1,1,51750,48041,4,0,110000,1
2538298,0,1,0,55,0,1,35830,32653,2,1,40000,0
1124634,1,1,1,55,1,1,35750,45611,3,1,40000,1
8378134,0,1,0,46,0,1,50650,26879,3,1,70000,0
8153776,0,1,0,55,0,1,22620,25979,3,1,60000,0
1839935,1,1,1,65,1,1,62250,22908,4,1,270000,1
5168228,0,1,0,33,0,1,52400,22396,2,1,65000,0
7092915,1,1,1,30,1,1,45000,38984,1,1,110000,1
2914686,1,1,1,45,1,1,20950,36247,3,1,80000,1
5822893,0,1,0,33,0,1,16400,21100,2,1,80000,0
3937235,0,1,0,44,0,1,30700,36731,5,0,80000,0
9231943,0,1,0,46,0,1,26800,49679,3,1,60000,0
8865518,0,1,0,56,0,1,67500,24071,2,1,80000,0
3526503,1,1,1,27,1,1,24600,30749,3,1,40000,1
6682086,1,1,1,54,1,1,52150,42026,2,1,80000,1
6657937,0,1,0,33,0,1,31500,41910,2,1,70000,0
9986531,0,1,0,46,0,1,36300,35422,3,0,40000,0
4087689,1,1,1,41,1,1,36300,22252,2,1,140000,1
3776153,1,1,1,46,1,1,65950,49580,3,0,140000,1
5439764,0,1,0,34,0,1,25850,39287,3,1,70000,0
4978642,0,1,0,40,0,1,23950,21980,3,1,70000,0
3963142,1,1,1,43,0,1,21000,41215,3,1,110000,0
2158110,0,1,0,53,0,1,37150,23065,7,1,120000,0
9636320,1,1,1,52,1,1,54250,48827,2,1,85000,1
6854535,1,1,1,34,1,1,23920,48290,7,1,55000,1
8047860,1,1,1,47,1,1,36550,20473,2,1,50000,1
5553716,0,1,0,65,0,1,32700,23607,4,1,60000,0
4146248,1,1,1,59,1,1,18300,22416,3,1,35000,1
4817042,0,1,0,38,0,1,25750,41726,10,1,120000,0
3907188,1,1,1,34,1,1,72950,37721,6,1,90000,1
8370119,1,1,1,25,1,1,29900,20257,4,1,70000,1
2879788,0,1,0,36,0,1,26100,43271,3,1,120000,0
2453340,1,1,1,29,1,1,24900,38804,1,1,40000,1
6697204,1,1,1,37,1,1,42700,23381,4,1,60000,1
2541900,1,1,1,27,0,1,32550,49795,2,1,40000,0
6453428,0,1,0,34,0,1,25750,31020,8,1,80000,0
3971898,1,1,1,32,1,1,35400,23494,5,0,80000,1
7580532,1,1,1,40,0,1,42550,37063,3,1,40000,0
8826219,1,1,1,30,1,1,22550,32688,0,1,60000,1
8600554,1,1,1,40,0,1,47550,35876,2,1,70000,0
9368705,1,1,1,55,0,1,37000,37900,4,1,125000,0
6566290,1,1,1,52,0,1,22800,30379,5,1,120000,0
5799478,1,1,1,62,0,1,47250,40529,4,1,80000,0
7362018,1,1,1,70,0,1,52700,37175,3,0,70000,0
3375041,1,1,1,61,0,1,37530,26385,4,1,50000,0
4424825,1,1,1,24,0,1,17350,37623,1,1,60000,0
2694042,1,1,1,48,0,1,32400,48874,4,1,70000,0
1805462,1,1,1,27,1,1,36950,31687,1,1,120000,1
7286415,1,1,1,53,1,1,41300,49693,3,0,190000,1
3828589,1,1,1,29,0,1,26850,43730,4,0,90000,0
3463185,1,1,1,43,0,1,25550,24610,2,0,270000,0
3343675,1,1,1,24,0,1,21700,44367,4,0,70000,0
4443674,1,1,1,37,1,1,30600,24323,3,1,110000,1
4845854,1,1,1,40,0,1,45300,23141,3,1,145000,0
2730313,1,1,1,42,0,1,46650,39617,2,1,240000,0
9704121,1,1,1,49,0,1,66200,26754,3,1,70000,0
4307328,1,1,1,32,1,1,38600,32101,2,1,280000,1
3646061,1,1,1,30,0,1,50800,30861,7,1,70000,0
5962028,1,1,1,44,1,1,35650,26810,4,1,70000,1
7797358,1,1,1,29,0,1,31000,25138,3,1,50000,0
8866040,1,1,1,50,1,1,35250,40260,3,1,60000,1
7130898,1,1,1,41,0,1,32800,26301,4,1,80000,0
3676878,1,1,1,35,0,1,35400,32160,2,1,40000,0
7716635,1,1,1,46,0,1,37070,25090,2,1,40000,0
7613690,1,1,1,41,0,1,30800,42487,2,0,60000,0
3673854,1,1,1,47,1,1,32400,23545,2,1,40000,1
8504351,1,1,1,44,0,1,50450,24892,4,1,110000,0
6433446,1,1,1,39,0,1,60700,22911,3,1,90000,0
8875250,1,1,1,51,1,1,57650,36409,4,1,90000,1
2554104,1,1,1,23,0,1,17800,42101,2,1,90000,0
1872944,1,1,1,34,1,1,32200,40884,4,0,105000,1
2994545,1,1,1,29,0,1,32850,40694,3,1,90000,0
9225926,1,1,1,40,1,1,31550,29474,3,1,110000,1
5518032,1,1,1,43,0,1,31700,42305,4,1,110000,0
2059036,1,1,1,39,0,1,16000,29134,3,1,60000,0
6664431,1,1,1,30,1,1,22800,25304,3,1,120000,1
4234297,1,1,1,47,0,1,25100,47085,2,1,60000,0
5682125,1,1,1,31,0,1,21950,31434,3,0,80000,0
2319813,1,1,1,63,1,1,50550,24953,4,0,280000,1
3181241,1,1,1,29,1,1,36500,48557,2,1,170000,1
1764795,1,1,1,39,1,1,20850,39163,1,1,50000,1
4004358,1,1,1,30,1,1,25100,48001,3,0,90000,1
3601378,1,1,1,44,1,1,27480,43478,2,1,40000,0
8530449,1,1,1,35,1,1,31650,40190,3,0,50000,1
8019383,1,1,1,39,1,1,22650,49492,4,1,40000,1
5078392,1,1,1,40,1,1,23060,31535,7,0,60000,1
3353544,1,1,1,33,1,1,29800,22617,3,1,110000,1
1574037,1,1,1,42,1,1,22600,43222,4,1,40000,1
8460546,1,1,1,20,0,0,42100,27931,1,0,125000,0
2779100,1,1,1,46,1,1,51450,43137,4,1,60000,1
3476683,1,1,1,31,1,1,50700,45413,4,1,50000,1
5066133,1,1,1,40,1,1,22450,20894,3,1,40000,1
5814665,1,1,1,31,1,1,51400,44021,7,0,90000,1
2985035,1,1,1,45,1,1,37200,35126,4,1,100000,1
8140661,1,1,1,52,1,1,45800,41741,3,1,60000,1
1354305,1,1,1,45,1,1,57070,25574,0,1,60000,1
2536551,1,1,1,29,1,1,21700,35886,3,1,40000,0
9918550,1,1,1,44,1,1,17100,33322,3,1,50000,1
3925327,1,1,1,63,1,0,37150,49733,4,1,120000,0
2964688,1,1,1,40,1,1,56110,39025,4,0,80000,1
9810641,1,1,1,29,1,1,16950,24562,3,1,90000,1
1286478,1,1,1,36,1,1,56120,27785,1,1,70000,1
2318154,1,1,1,48,1,1,54720,47869,3,0,120000,1
6667219,1,1,1,33,1,1,30150,26162,3,0,70000,1
3918553,1,1,1,42,1,1,50650,32117,3,1,90000,1
2545470,1,1,1,52,1,1,31350,31537,4,1,70000,1
4447029,1,1,1,59,1,0,40350,25915,2,1,130000,0
9844181,1,1,1,25,1,1,16450,41127,4,1,40000,1
5924193,1,1,1,58,1,1,31750,21367,4,1,60000,0
3977462,1,1,1,31,1,1,53900,24913,1,1,100000,0
1625974,1,1,1,37,1,1,25750,22075,3,1,120000,1
8445226,1,1,1,44,1,1,34400,46965,1,1,65000,1
2596589,1,1,1,39,1,1,20100,30507,2,1,50000,1
1286982,1,1,1,41,1,1,25850,44260,2,1,50000,1
1119001,1,1,1,44,1,1,66850,23479,1,1,330000,1
7351611,1,1,1,29,1,0,31850,39778,3,1,60000,0
8234352,1,1,1,22,1,1,37750,37326,7,1,80000,1
5482180,1,1,1,33,1,1,17200,27841,2,1,60000,1
3204805,1,1,1,57,1,1,21700,42369,6,1,55000,1
1478299,1,1,1,54,1,1,30450,34582,3,1,270000,1
4643535,1,1,1,47,1,0,47150,27218,4,0,120000,0
4910180,1,1,1,58,1,0,32550,35674,3,1,60000,0
1253777,1,1,1,30,1,1,30700,21125,1,1,90000,1
6646098,1,1,1,40,1,0,30950,22984,3,0,110000,0
5871095,1,1,1,40,1,0,30600,24529,2,1,70000,0
5929638,1,1,1,51,1,0,15600,41093,3,1,80000,0
8627791,1,1,1,32,1,0,36500,24867,7,1,80000,0
1271407,1,1,1,30,1,1,36350,31588,3,1,100000,1
3202206,1,1,1,45,1,0,21150,30157,4,1,70000,0
2877019,1,1,1,48,1,0,51550,20656,2,1,60000,0
8151258,1,1,1,36,1,1,84450,39453,3,0,130000,1
6056394,1,1,1,61,1,0,42850,21100,5,1,70000,0
2009366,1,1,1,34,1,0,30500,23150,3,0,50000,0
5315981,1,1,1,37,1,1,20150,49226,2,1,40000,1
5545486,1,1,1,33,1,0,52600,22538,2,1,110000,0
9544233,1,1,1,27,1,0,31690,48717,2,1,80000,0
8306243,1,1,1,37,1,0,35850,40044,5,1,40000,0
7069276,1,1,1,48,1,0,35350,46901,4,1,70000,0
3696569,1,1,1,36,1,1,37600,26902,7,1,60000,1
6699378,1,1,1,51,1,1,27470,27405,1,1,90000,1
3400774,1,1,1,51,1,1,25150,25286,2,1,80000,1
2819065,1,1,1,37,1,1,32100,44382,3,1,100000,1
8637821,1,1,1,48,1,0,32250,25136,4,1,60000,0
7779268,1,1,1,45,1,0,52450,42426,3,0,60000,0
9432033,1,1,1,45,1,1,76450,49246,3,1,70000,1
6128664,1,1,1,40,1,1,36750,23651,8,1,90000,1
5649117,1,1,1,46,1,0,42960,46399,4,1,40000,0
7460431,1,1,1,71,1,0,67600,48850,4,0,60000,0
2749601,1,1,1,33,1,1,17950,24374,1,1,50000,1
8757331,1,1,1,40,1,1,51000,30855,2,1,50000,1
9819394,1,1,1,55,1,1,62550,28908,8,1,210000,1
4169920,1,1,1,27,1,0,23570,30145,2,1,90000,0
3067250,1,1,1,40,1,0,32050,38441,4,1,70000,0
7935567,1,1,1,45,1,1,26050,36675,2,0,40000,1
5420930,1,1,1,45,1,0,37250,36347,2,0,260000,0
1542263,1,1,1,31,1,1,39250,32478,6,1,220000,1
7090479,1,1,1,38,1,0,54250,36369,3,0,90000,0
2569106,1,1,1,25,1,1,50350,41988,4,1,60000,1
2011800,1,1,1,56,1,0,17250,42118,2,1,60000,0
4411624,1,1,1,32,1,1,70800,35807,7,1,120000,1
5081591,1,1,1,60,1,0,41400,46085,3,0,130000,0
7749597,1,1,1,53,1,1,41050,28903,8,0,50000,1
1318784,1,1,1,55,1,0,35150,39876,6,0,70000,0
5935289,1,1,1,45,1,0,66850,34969,3,0,40000,0
4615524,1,1,1,38,1,1,31450,37144,3,1,40000,1
6073168,1,1,1,31,1,0,37650,42183,2,1,40000,0
5450651,1,1,1,41,1,0,51850,41301,2,1,60000,0
7435216,1,1,1,57,1,1,21850,24313,2,1,50000,1
4335284,1,1,1,43,1,1,37050,42012,4,1,105000,1
7426912,1,1,1,62,1,0,35050,49676,3,1,90000,0
5071492,1,1,1,58,1,0,82150,20685,0,1,320000,0
8159335,1,1,1,26,1,0,33450,43482,1,1,40000,0
5388089,1,1,1,44,1,0,21600,47496,3,1,60000,0
5633775,1,1,1,58,1,0,45050,40460,2,1,80000,0
1466039,1,1,1,43,1,1,62450,23640,7,1,160000,1
4618839,1,1,1,28,1,1,22300,36271,2,1,105000,1
6083039,1,1,1,40,1,1,47750,40523,3,1,70000,1
3189428,1,1,1,39,1,0,50350,30608,2,1,40000,0
3719939,1,1,1,40,1,1,24200,48934,3,1,40000,1
8868416,1,1,1,43,1,1,26750,24887,2,1,70000,1
8382308,1,1,1,56,1,1,30100,24006,4,0,90000,1
3953452,1,1,1,35,1,0,31650,27038,3,1,60000,0
3658887,1,1,1,29,1,1,30900,26632,3,1,40000,1
7510194,1,1,1,63,1,0,22700,39803,3,1,90000,0
9995118,1,1,1,28,1,1,27570,36485,3,0,40000,1
6231857,1,1,1,24,1,0,30900,31209,2,1,80000,0
5179438,1,1,1,24,1,0,24420,26747,4,0,50000,0
1384515,1,1,1,54,1,1,82650,44995,6,1,305000,1
3916516,1,1,1,55,1,1,45500,31460,3,1,70000,1
8583721,1,1,1,61,1,0,65050,21381,3,1,79900,0
2171828,1,1,1,54,1,0,81900,43041,5,1,40000,0
6317406,1,1,1,42,1,1,42550,43350,3,1,55000,1
3953870,1,1,1,48,1,0,50800,24369,4,1,119900,0
4980061,1,1,1,38,1,0,50800,21004,3,1,130000,0
6885974,1,1,1,36,1,1,25000,28610,3,1,70000,1
9563356,1,1,1,26,1,1,44530,40261,4,1,70000,1
1747549,1,1,1,61,1,1,17000,37293,4,1,40000,1
6428823,1,1,1,56,1,0,40750,48244,3,1,70000,0
4151729,1,1,1,44,1,0,51100,23116,5,1,60000,0
3429907,1,1,1,33,1,0,15200,22050,4,1,100000,0
3607492,1,1,1,29,1,1,32050,41267,2,1,120000,1
1321479,1,1,1,42,1,0,27650,35930,2,1,85000,0
5822851,1,1,1,34,1,1,32300,26511,4,1,100000,1
6319690,1,1,1,44,1,0,30650,36000,4,0,70000,0
8803107,1,1,1,55,1,1,52500,38880,2,1,170000,1
6839577,1,1,1,58,1,1,21050,31996,1,1,40000,1
7336379,1,1,1,28,1,0,50150,35889,3,1,50000,0
1832193,1,1,1,60,1,0,31050,33936,4,0,90000,0
9395993,1,1,1,39,1,0,31400,39585,3,1,60000,0
3521295,1,1,1,47,1,1,24660,41728,6,1,60000,1
4208990,1,1,1,64,1,0,36750,22524,2,0,70000,0
6901654,1,1,1,52,1,0,50100,34153,4,1,120000,0
6871017,1,1,1,50,1,1,62150,35698,6,1,280000,1
8378670,1,1,1,47,1,1,36750,30669,3,1,85000,1
1275697,1,1,1,53,1,0,50850,29125,7,1,90000,0
4718390,1,1,1,55,1,0,20250,44333,3,0,40000,0
8923101,1,1,1,45,1,0,32400,25382,6,1,50000,0
3184036,1,1,1,36,1,1,40950,48200,3,1,170000,1
4399143,1,1,1,38,1,0,45100,25580,2,1,60000,0
5630469,1,1,1,44,1,0,41850,30456,8,1,980000,0
3509387,1,1,1,43,1,0,36650,25963,3,1,70000,0
3465584,1,1,1,36,1,1,47900,49847,4,0,90000,1
2025535,1,1,1,30,1,1,30600,32214,4,0,45000,1
7747550,1,1,1,57,1,0,31000,32160,2,1,70000,0
9181610,1,1,1,65,1,0,26150,21419,2,0,40000,0
6239348,1,1,1,35,1,0,36800,45913,6,1,80000,0
3751865,1,1,1,46,1,1,47550,20142,4,1,50000,1
9998678,1,1,1,41,1,1,17450,29458,4,1,90000,1
7381766,1,1,1,33,1,1,22150,35082,3,1,40000,1
5377742,1,1,1,56,1,0,52900,21840,3,1,60000,0
8966136,1,1,1,24,1,0,25250,45228,2,1,90000,0
8512913,1,1,1,39,1,1,18900,26650,5,1,145000,1
2025280,1,1,1,40,1,0,60100,22429,4,1,60000,0
8105777,1,1,1,60,1,0,41000,35737,3,1,70000,0
8737876,1,1,1,24,1,0,35550,20077,6,1,90000,0
7609433,1,1,1,24,1,1,31900,34651,3,1,50000,1
3164648,1,1,1,37,1,1,45450,41810,2,1,50000,1
5533721,1,1,1,37,1,1,50500,32349,3,0,120000,1
8989599,1,1,1,44,1,1,48450,25416,2,1,60000,1
2878043,1,1,1,30,1,1,24700,42227,3,0,100000,1
5817794,1,1,1,25,1,1,17850,39781,4,1,35000,1
9737410,1,1,1,52,1,1,27850,32437,7,1,60000,1
8090737,1,1,1,71,1,1,45750,20712,2,1,165000,1
6313594,1,1,1,43,1,0,67050,26326,3,0,90000,0
1741919,1,1,1,30,1,0,40050,38296,2,1,50000,0
5486143,1,1,1,52,1,1,30900,39821,3,1,140000,1
8904233,1,1,1,40,1,1,22400,42901,3,1,50000,1
1183883,1,1,1,24,1,0,21300,30169,4,1,50000,0
7633251,1,1,1,33,1,0,32750,37099,3,1,70000,0
1988070,1,1,1,42,1,1,45350,37585,3,1,110000,1
3832978,1,1,1,59,1,1,26850,33993,1,1,60000,1
2266723,1,1,1,45,1,1,37100,33323,7,1,120000,1
4676523,1,1,1,29,1,0,66800,32203,3,1,160000,0
9638103,1,1,1,39,1,0,50600,34336,3,1,40000,0
5909574,1,1,1,67,1,1,67550,32575,3,1,250000,1
4974486,1,1,1,27,1,1,18700,24158,2,1,50000,1
3039574,1,1,1,58,1,0,51850,27345,3,1,170000,0
9330683,1,1,1,58,1,1,37350,21492,4,1,50000,1
6350667,1,1,1,37,1,0,20250,28340,2,1,60000,0
2882579,1,1,1,28,1,1,26900,48792,4,1,90000,1
6348989,1,1,1,50,1,0,62430,30977,2,1,40000,0
8685795,1,1,1,40,1,0,26600,24618,3,0,40000,0
4055543,1,1,1,43,1,0,28330,27744,2,1,40000,0
5220047,1,1,1,37,1,1,26850,31168,3,1,50000,1
7021115,1,1,1,29,1,1,30800,39478,2,1,80000,1
8359773,1,1,1,45,1,0,41000,49313,7,1,160000,0
7751369,1,1,1,29,1,0,19350,45551,1,1,60000,0
7247182,1,1,1,39,1,1,24050,29532,3,0,120000,1
3866680,1,1,1,31,1,1,29000,25830,4,1,70000,1
6907654,1,1,1,58,1,0,26900,30771,4,1,90000,0
3537073,1,1,1,58,1,0,45900,31424,2,1,60000,0
3733763,1,1,1,43,1,1,21300,37225,3,0,70000,1
5719374,1,1,1,50,1,0,30350,38170,3,1,90000,0
3752750,1,1,1,48,1,1,26000,36166,4,0,40000,1
1641742,1,1,1,60,1,0,17000,39909,3,1,70000,0
5510519,1,1,1,80,1,1,66100,45466,1,0,90000,1
8506740,1,1,1,41,1,0,45100,25621,3,1,60000,0
8548648,1,1,1,53,1,0,26750,20548,7,1,70000,0
8137893,1,1,1,38,1,0,26950,38631,3,1,100000,0
8272402,1,1,1,32,1,1,41400,42142,3,1,120000,1
9223652,1,1,1,49,1,0,28100,44997,9,0,40000,0
4639083,1,1,1,59,1,1,32550,33974,3,0,60000,1
2633252,1,1,1,57,1,0,51200,22308,3,1,60000,0
7023362,1,1,1,31,1,1,35450,33132,3,1,120000,1
4741611,1,1,1,49,1,1,67850,28124,10,0,80000,1
7016879,1,1,1,26,1,1,24570,35162,4,0,115000,1
2793849,1,1,1,46,1,0,32100,20300,3,1,60000,0
7781229,1,1,1,29,1,1,26180,28714,4,1,110000,1
5515469,1,1,1,60,1,0,39620,31256,4,0,40000,0
8694052,1,1,1,60,1,0,35300,31401,2,1,80000,0
8787982,1,1,1,29,1,1,41400,25754,3,1,105000,1
4237720,1,1,1,48,1,0,31550,36808,3,1,70000,0
7429838,1,1,1,28,1,1,36850,37192,1,1,60000,1
2525320,1,1,1,32,1,0,30200,37218,1,1,110000,0
4598011,1,1,1,44,1,1,30850,40410,8,1,80000,1
6937052,1,1,1,66,1,1,32400,42298,1,0,80000,1
9826904,1,1,1,55,1,0,20300,26176,3,1,70000,0
2299619,1,1,1,50,1,1,34600,48569,3,1,100000,1
3260677,1,1,1,52,1,1,26600,40977,3,1,70000,1
2427364,1,1,1,35,1,1,35600,41902,0,1,45000,1
4423455,1,1,1,29,1,0,37340,25725,2,1,60000,0
6107120,1,1,1,34,1,0,50900,28315,3,1,40000,0
8982392,1,1,1,64,1,1,26300,36507,5,1,120000,1
1607362,1,1,1,42,1,0,38350,32615,2,1,50000,0
9287679,1,1,1,42,1,1,27850,20560,3,0,60000,1
8120205,1,1,1,55,1,1,45350,27531,3,1,120000,1
4959614,1,1,1,39,1,1,83750,39262,2,1,105000,1
4415490,1,1,1,38,1,0,36000,38234,2,0,260000,0
2047149,1,1,1,46,1,1,25200,31601,3,0,80000,1
2633797,1,1,1,53,1,1,35350,44806,2,1,170000,1
9544376,1,1,1,49,1,0,65900,31577,2,1,80000,0
1247724,1,1,1,44,1,0,35850,24592,2,1,60000,0
4843370,1,1,1,28,1,0,31500,27683,4,0,40000,0
9484990,1,1,1,45,1,0,24150,22015,0,1,70000,0
9865001,1,1,1,38,1,0,26250,23461,8,1,90000,0
1191815,1,1,1,73,1,1,17650,25532,2,1,70000,1
6527762,1,1,1,40,1,0,30750,39500,3,1,90000,0
9894296,1,1,1,25,1,1,30150,35686,3,1,90000,1
5689154,1,1,1,53,1,1,51820,46771,2,0,200000,1
4067171,1,1,1,28,1,1,22900,42332,2,1,60000,1
2442180,1,1,1,49,1,0,27850,23239,4,0,40000,0
6347799,1,1,1,28,1,0,44350,27349,2,1,100000,0
2707638,1,1,1,35,1,1,23600,37854,2,1,45000,1
6043484,1,1,1,58,1,0,28710,33596,7,1,40000,0
2525287,1,1,1,43,1,1,40850,42040,2,1,90000,1
5062376,1,1,1,37,1,1,16300,40086,4,1,70000,1
6688286,1,1,1,51,1,1,47700,25580,3,1,190000,1
7061450,1,1,1,46,1,0,30350,43458,1,0,40000,0
2804369,1,1,1,69,1,0,32700,35198,4,1,100000,0
3909863,1,1,1,39,1,0,47000,36918,8,1,90000,0
2998175,1,1,1,43,1,0,27450,20550,5,1,70000,0
9989827,1,1,1,31,1,1,22650,47475,2,1,60000,1
9229201,1,1,1,29,1,1,27950,27307,4,1,50000,1
4184298,1,1,1,45,1,1,56220,20482,2,0,40000,1
6425625,1,1,1,23,1,1,27750,46983,11,1,80000,1
1187019,1,1,1,47,1,1,21850,48671,4,0,80000,1
8867462,1,1,1,34,1,1,31800,44197,4,1,70000,1
8770760,1,1,1,48,1,0,36650,43633,3,1,80000,0
5967693,1,1,1,38,1,0,26550,24036,3,1,110000,0
3415382,1,1,1,80,1,0,66600,27116,1,0,70000,0
2570249,1,1,1,38,1,1,38270,26254,3,0,110000,1
8024280,1,1,1,39,1,0,56170,45077,11,0,80000,0
2637169,1,1,1,51,1,1,37200,24666,2,0,100000,1
2609543,1,1,1,43,1,1,29650,26732,2,1,40000,1
1626878,1,1,1,34,1,0,21400,40968,8,1,480000,0
2995409,1,1,1,40,1,1,32450,44213,3,1,60000,1
3182177,1,1,1,37,1,1,32100,24697,4,0,60000,1
5973699,1,1,1,52,1,1,26100,30313,3,1,70000,1
5057068,1,1,1,25,1,0,27750,40298,4,1,120000,0
7440876,1,1,1,67,1,1,21200,41155,3,1,80000,1
4409414,1,1,1,43,1,1,27750,31407,5,1,80000,1
9057918,1,1,1,25,1,0,34400,26954,3,0,40000,0
3641465,1,1,1,29,1,1,37550,48059,3,1,90000,1
3499861,1,1,1,29,1,1,25420,33623,4,0,75000,1
8438486,1,1,1,45,1,0,36400,48115,3,1,60000,0
2728793,1,1,1,58,1,0,31900,28055,3,1,120000,0
6502031,1,1,1,60,1,0,34700,26999,4,0,40000,0
8977737,1,1,1,49,1,0,21700,24627,2,0,70000,0
2588275,1,1,1,43,1,1,20600,23720,1,1,70000,1
2703658,1,1,1,77,1,1,39870,21223,1,1,130000,1
4201670,1,1,1,56,1,0,20700,29453,3,1,70000,0
4930385,1,1,1,60,1,0,57350,32274,4,0,40000,0
7487984,1,1,1,32,1,1,50850,24346,3,1,80000,1
8345970,1,1,1,50,1,1,30200,22678,2,1,40000,1
7643917,1,1,1,39,1,0,18150,29775,3,0,95000,0
9804187,1,1,1,46,1,0,20600,44066,3,1,120000,0
6746938,1,1,1,40,1,1,35550,36019,8,1,120000,1
4653413,1,1,1,36,1,1,65600,28922,2,1,280000,1
4431853,1,1,1,46,1,1,27700,28981,5,1,280000,1
1645757,1,1,1,45,1,1,31050,22263,3,1,115000,1
3873451,1,1,1,64,1,0,61390,33338,11,1,100000,0
1946414,1,1,1,29,1,0,37200,32529,0,1,70000,0
6652144,1,1,1,36,1,1,26350,41930,2,0,50000,1
9857511,1,1,1,23,1,1,24600,20566,1,1,60000,1
6299467,1,1,1,34,1,0,37550,38109,5,1,80000,0
1804418,1,1,1,39,1,1,30300,38738,4,1,90000,1
6929550,1,1,1,34,0,0,17650,46365,3,0,80000,0
7544332,1,1,1,64,1,0,16400,41816,2,1,60000,0
8647028,1,1,1,57,1,0,31600,40773,3,1,40000,0
4017769,1,1,1,58,1,1,62500,37742,3,1,180000,1
1829377,1,1,1,39,1,0,38750,35214,2,1,90000,0
8689373,1,1,1,25,1,0,30110,31925,6,1,90000,0
3158435,1,1,1,39,1,1,60450,34246,2,1,40000,1
9003791,1,1,1,22,1,1,45430,41829,2,1,120000,1
9575170,1,1,1,48,1,1,50600,20681,1,1,290000,1
1366292,1,1,1,30,1,1,35850,21097,3,1,80000,0
2060299,1,1,1,41,1,1,66800,26214,0,1,90000,1
8492651,1,1,1,23,1,1,19800,47466,4,1,90000,1
5016621,1,1,1,46,1,1,31550,32082,3,1,95000,1
1492784,1,1,1,30,1,0,45700,48566,3,1,90000,0
5905026,1,1,1,62,1,1,76130,23736,4,1,70000,1
6584621,1,1,1,43,0,1,27050,44220,4,0,110000,1
7424966,1,1,1,22,1,0,50600,22728,3,1,50000,1
2177074,1,1,1,45,0,1,24850,24372,7,0,90000,0
3897934,1,1,1,46,0,0,30550,24272,7,0,160000,1
1266578,1,1,1,34,0,0,27700,46813,3,0,135000,1
3012598,1,1,1,24,1,0,27350,22493,7,1,50000,1
4717997,1,1,1,55,0,1,51900,20404,2,1,40000,0
6005075,1,1,1,29,1,0,52100,49203,3,1,60000,1
2330651,1,1,1,33,1,0,25300,41145,6,1,60000,1
9112094,1,1,1,49,0,1,50200,21762,2,1,90000,0
2304324,1,1,1,31,0,1,46050,45715,2,1,55000,0
3462848,1,1,1,36,1,0,23900,35961,4,0,90000,1
4341120,1,1,1,72,1,0,35950,45812,5,1,145000,1
9225822,1,1,1,34,0,1,30350,30529,3,0,120000,0
1376227,1,1,1,47,1,0,40450,25786,5,0,60000,1
6690109,1,1,1,53,0,1,42050,44200,2,1,110000,0
9575225,1,1,1,18,1,0,17900,24003,7,1,50000,1
3414739,1,1,1,23,0,1,30100,36015,2,1,80000,0
4397294,1,1,1,55,0,1,17550,24735,2,1,120000,0
1716848,1,1,1,35,1,0,46850,34792,4,1,115000,1
6212332,1,1,1,45,0,1,55200,27022,10,0,60000,0
6014026,1,1,1,64,1,0,16500,32605,8,1,80000,1
5459641,1,1,1,35,1,0,46100,29189,7,1,40000,1
3400497,1,1,1,37,1,0,66500,25631,1,1,70000,1
4630136,1,1,1,41,0,1,30500,42761,2,1,60000,0
7427539,1,1,1,41,1,0,76150,47126,3,1,80000,1
8915972,1,1,1,40,0,1,25050,25985,2,1,80000,0
4488610,1,1,1,38,1,0,26600,37074,3,1,60000,1
4271787,1,1,1,25,1,0,32910,28188,2,1,60000,1
4941761,1,1,1,60,0,1,37250,25453,7,0,60000,0
7069790,1,1,1,42,1,0,43850,42420,3,1,40000,1
7673585,1,1,1,40,0,1,32100,41282,1,1,70000,0
8151515,1,1,1,52,1,0,52900,49294,1,1,80000,1
9650932,1,1,1,51,1,0,30400,35399,2,1,60000,1
6511054,1,1,1,73,1,0,16500,27574,5,1,50000,1
1622406,1,1,1,36,0,1,47150,38266,3,0,240000,0
1542750,1,1,1,45,1,0,25900,28462,3,0,80000,1
9520397,1,1,1,63,1,0,39070,29240,11,1,50000,1
4354926,1,1,1,62,0,1,30250,45248,4,1,80000,0
4890341,1,1,1,61,0,1,78110,49175,3,1,170000,0
6284613,1,1,1,37,1,0,31600,27214,4,1,70000,1
1508828,1,1,1,46,0,1,27500,47128,4,1,120000,0
9948473,1,1,1,43,0,1,30750,26676,2,1,40000,0
7134213,1,1,1,47,1,0,37750,37171,3,1,70000,1
6060155,1,1,1,24,0,1,26250,27901,1,0,50000,0
3509403,1,1,1,45,0,1,36150,25715,5,1,100000,0
6273820,1,1,1,44,0,1,45000,31524,4,1,40000,0
2440618,1,1,1,46,0,1,17050,34237,2,1,80000,0
4519551,1,1,1,36,1,0,23070,36971,4,1,145000,1
6219016,1,1,1,53,0,1,31950,35992,3,1,60000,0
3183130,1,1,1,26,0,1,15350,36679,2,1,50000,0
5447073,1,1,1,46,1,0,32350,31524,3,1,40000,1
4760762,1,1,1,28,0,1,29560,22023,1,1,70000,0
5619830,1,1,1,44,1,0,52950,21102,4,0,40000,1
1337071,1,1,1,33,1,0,38400,20349,6,1,80000,1
3410248,1,1,1,35,1,0,24700,35716,2,1,40000,1
2762532,1,1,1,47,1,0,50450,45835,2,0,140000,1
5140642,1,1,1,59,1,0,24600,31761,4,1,70000,1
1813847,1,1,1,38,1,0,52200,44654,3,1,80000,1
7912572,1,1,1,36,1,0,18250,40123,4,0,55000,1
6348056,1,1,1,30,1,0,22150,26842,3,1,70000,1
5703056,1,1,1,69,0,1,26500,23108,2,1,40000,0
5223746,1,1,1,62,0,1,60050,41707,6,1,95000,0
2469634,1,1,1,50,1,0,51600,21523,3,0,65000,1
4139836,1,1,1,35,1,0,21350,49043,2,1,60000,1
9217874,1,1,1,53,0,1,32050,35659,5,1,60000,0
6324220,1,1,1,53,1,0,50160,27933,3,0,40000,1
1948049,1,1,1,48,1,0,25600,22584,2,0,70000,1
7209421,1,1,1,28,0,1,62570,30343,2,1,60000,0
8740010,1,1,1,39,1,0,25200,27260,7,1,80000,1
3147636,1,1,1,36,1,0,50650,48097,3,1,70000,1
3128027,1,1,1,52,1,0,34400,38257,2,1,110000,1
3425222,1,1,1,32,1,0,22320,37738,4,0,120000,1
1146260,1,1,1,23,1,0,23400,41986,2,1,50000,1
5456594,1,1,1,32,0,1,17950,29519,2,1,160000,0
6349611,1,1,1,37,0,1,47300,26537,2,1,40000,0
4866178,1,1,1,47,1,0,38400,41482,1,1,40000,1
6873290,1,1,1,57,0,1,65850,27380,3,1,90000,0
7600959,1,1,1,25,0,1,21870,37938,4,1,40000,0
7860680,1,1,1,59,1,0,45250,34109,3,1,40000,1
3640482,1,1,1,48,1,0,27000,29656,4,1,40000,1
7130097,1,1,1,35,1,0,37350,28489,6,0,70000,1
2929130,1,1,1,37,1,0,30950,39297,2,0,50000,1
2866321,1,1,1,43,1,0,56300,40233,6,1,280000,1
5195504,1,1,1,46,1,0,17150,31398,3,1,60000,1
8305754,1,1,1,59,0,1,32550,27420,4,1,100000,0
5743872,1,1,1,35,0,1,45150,40594,4,1,90000,0
3763012,1,1,1,35,0,1,51700,20816,8,1,310000,0
3743437,1,1,1,42,1,0,33100,49611,2,0,90000,1
8472035,1,1,1,45,0,1,31750,43781,3,1,70000,0
4768745,1,1,1,59,1,0,62650,38932,6,1,250000,1
1641306,1,1,1,76,1,0,52600,39593,7,0,270000,1
2592170,1,1,1,39,1,0,26700,44484,3,1,70000,1
4494764,1,1,1,55,1,0,60050,40271,3,1,280000,1
7548803,1,1,1,27,1,0,37250,47282,6,1,110000,1
1974502,1,1,1,59,1,0,52800,46796,1,1,40000,1
6362307,1,1,1,50,1,0,52100,34536,3,1,60000,1
1856780,1,1,1,40,0,1,49650,26601,5,1,50000,0
3297501,1,1,1,45,0,1,30250,32480,3,1,80000,0
3809292,1,1,1,55,1,0,26650,48493,3,0,120000,1
1541275,1,1,1,39,1,0,21920,23912,11,0,70000,1
2062958,1,1,1,20,1,0,20150,40834,1,1,60000,1
1374607,1,1,1,29,1,0,18550,34757,1,0,55000,1
6120419,1,1,1,42,0,1,19650,48081,2,1,70000,0
6097690,1,1,1,49,0,1,22950,48373,4,1,70000,0
5088109,1,1,1,33,0,1,18900,21797,1,1,80000,0
4519480,1,1,1,53,1,0,15650,30713,3,1,40000,1
1944227,1,1,1,45,0,1,35200,44845,8,1,120000,0
3293323,1,1,1,46,0,1,19950,21534,0,1,50000,0
1250371,1,1,1,46,1,0,30750,23895,2,1,100000,1
9896635,1,1,1,54,0,1,42050,24419,4,1,60000,0
3441682,1,1,1,60,0,1,16000,22188,2,0,70000,0
2996375,1,1,1,66,1,0,60550,37516,3,1,200000,1
2328397,1,1,1,61,0,1,47050,46647,2,1,140000,0
6074729,1,1,1,39,0,1,37150,40113,4,1,120000,0
5013061,1,1,1,42,1,0,26600,39969,2,1,60000,1
6921900,1,1,1,18,0,1,21300,20285,2,1,70000,0
1181608,1,1,1,32,1,0,32700,47812,1,0,80000,1
1957306,1,1,1,35,1,0,16500,45282,2,1,70000,1
3982890,1,1,1,43,1,0,34600,27010,4,1,160000,1
1386740,1,1,1,41,0,1,31750,39868,3,1,60000,0
2256209,1,1,1,27,0,1,17350,40266,6,1,80000,0
8445919,1,1,1,41,0,1,77850,46556,2,1,80000,0
2158059,1,1,1,37,1,0,32700,49793,2,1,250000,1
4693106,1,1,1,28,1,0,42000,41112,2,1,100000,1
2427384,1,1,1,43,0,1,31200,32550,4,0,70000,0
7327887,1,1,1,43,0,1,30440,37105,1,1,40000,0
5313758,1,1,1,53,1,0,52100,29786,3,1,280000,1
8297723,1,1,1,53,1,0,60700,44440,7,1,360000,1
8819971,1,1,1,56,1,0,26800,37293,4,0,70000,1
5673951,1,1,1,52,0,1,21250,37159,2,1,75000,0
2957781,1,1,1,30,1,0,24350,30017,3,0,110000,1
3451811,1,1,1,40,1,0,17850,46829,7,1,90000,1
6039810,1,1,1,38,0,1,17850,20469,3,1,70000,0
6968131,1,1,1,31,1,0,25550,20095,3,1,50000,1
1991305,1,1,1,28,1,0,25400,46633,3,0,70000,1
2145276,1,1,1,46,1,0,17100,48747,2,1,50000,1
4449625,1,1,1,36,1,0,52800,29698,1,1,60000,1
5462965,1,1,1,36,0,1,27400,30480,2,1,110000,0
6218866,1,1,1,46,0,1,21200,30772,3,1,100000,0
2337784,1,1,1,45,1,0,48950,31821,3,0,100000,1
3957255,1,1,1,34,1,0,45600,28864,4,1,40000,1
5275546,1,1,1,43,0,1,35050,29625,3,1,40000,0
7178457,1,1,1,31,1,0,36600,48909,2,1,145000,1
4985148,1,1,1,30,1,0,27600,48849,3,1,60000,1
9378936,1,1,1,34,1,0,24800,39682,5,1,45000,1
4145119,1,1,1,24,0,1,25650,26704,8,1,790000,0
6061458,1,1,1,35,1,0,24300,31954,3,0,50000,1
8695396,1,1,1,52,1,0,24750,36023,1,1,40000,1
6424567,1,1,1,38,0,1,30050,35399,1,1,60000,0
4022618,1,1,1,44,0,1,90100,24236,7,1,780000,0
5319764,1,1,1,58,1,0,50100,24299,4,1,65000,1
2366747,1,1,1,49,0,1,30950,22675,3,1,70000,0
6971789,1,1,1,47,1,0,19450,47251,3,1,40000,1
8390458,1,1,1,34,1,0,29380,32006,3,1,90000,1
3665219,1,1,1,38,0,1,67850,25651,2,1,79900,0
5167751,1,1,1,30,1,0,27750,47737,4,1,60000,1
5660181,1,1,1,68,0,1,22200,20059,7,1,45000,0
2207438,1,1,1,48,1,0,50400,44893,3,1,70000,1
4973073,1,1,1,42,1,0,30550,48041,2,1,110000,1
2477388,1,1,1,58,1,0,25250,37515,4,0,40000,1
3292407,1,1,1,35,1,0,60720,28730,6,1,85000,1
1355121,1,1,1,22,1,0,29250,36340,3,1,90000,1
9098429,1,1,1,58,0,1,15300,20778,3,1,100000,0
9433430,1,1,1,54,0,1,16800,24562,7,1,80000,0
5742494,1,1,1,52,1,0,26200,22207,2,1,60000,1
7433965,1,1,1,30,0,1,21300,39215,7,1,50000,0
9884656,1,1,1,36,1,0,30850,39113,3,1,70000,1
9152011,1,1,1,47,0,1,42750,41763,3,1,110000,0
7189563,1,1,1,28,0,1,28850,36834,3,0,90000,0
6855503,1,1,1,58,1,0,62350,26731,4,1,270000,1
5049811,1,1,1,34,1,0,45700,20339,3,1,70000,1
7704173,1,1,1,36,0,1,34950,31129,7,0,70000,0
1342825,1,1,1,47,1,0,99700,20752,4,0,85000,1
3957272,1,1,1,40,0,1,47750,49775,3,1,110000,0
5808120,1,1,1,37,1,0,35000,48304,1,1,120000,1
8865244,1,1,1,53,0,1,26650,23958,3,1,80000,0
1613405,1,1,1,41,0,1,45180,46635,4,0,60000,0
8882483,1,1,1,34,1,0,65250,33430,1,1,160000,1
1879492,1,1,1,38,0,1,47500,48684,2,1,140000,0
6557465,1,1,1,36,1,0,43100,30003,2,1,70000,1
3359500,1,1,1,51,0,1,30750,42066,4,0,120000,0
8964825,1,1,1,41,0,1,65550,27709,3,1,90000,0
2015392,1,1,1,40,0,1,32650,42620,2,1,40000,0
8511252,1,1,1,40,1,0,55650,29277,0,1,130000,1
5092811,1,1,1,48,1,0,17900,27404,7,1,50000,1
5166288,1,1,1,28,0,1,33610,25627,7,1,80000,0
9863529,0,0,0,49,0,1,56460,48763,3,0,90000,0
2009590,1,1,1,46,1,0,30900,30017,4,1,70000,1
9873292,1,1,1,45,1,0,22600,28790,3,1,50000,1
1441227,1,0,1,29,0,1,25850,36973,4,0,190000,0
5215152,0,0,0,36,0,1,26350,28356,3,0,260000,0
8624362,1,1,1,57,0,1,52250,28535,2,1,100000,0
7617639,0,0,0,41,0,1,25000,37778,4,0,60000,0
1280377,0,1,0,47,0,1,37800,23542,6,1,70000,0
2434857,0,1,0,47,0,1,35500,32214,7,1,50000,0
8541393,1,1,1,35,1,0,37200,30689,2,1,65000,1
7026391,1,1,1,41,1,0,25150,31940,3,0,280000,1
5004193,1,1,1,49,0,1,32450,31213,3,1,70000,0
8259739,0,0,0,44,0,1,15150,32827,1,0,70000,0
7965201,1,1,1,25,1,0,22550,30620,3,0,180000,1
2453828,1,1,1,37,1,0,41750,25049,10,1,115000,1
7102383,0,1,0,28,0,1,35050,49308,0,1,110000,0
4410736,1,1,1,67,1,0,67600,39268,3,1,280000,1
8716872,0,1,0,47,0,1,31450,29966,1,1,40000,0
4297696,1,1,1,46,1,0,36750,21608,1,1,40000,1
3196217,0,1,0,54,0,1,18950,40787,7,1,80000,0
2870815,1,1,1,49,0,1,51550,49147,2,1,80000,0
2728798,0,0,0,60,0,1,33350,37255,3,0,70000,0
7351911,1,1,1,55,1,0,52100,47002,2,1,60000,1
7615872,1,1,1,40,0,1,18050,45707,3,1,40000,0
2160627,0,1,0,29,0,1,31600,45396,4,1,120000,0
8480082,1,1,1,56,0,1,48850,40081,4,1,60000,0
2084990,0,1,0,34,0,1,26750,30794,4,1,50000,0
5467937,1,1,1,38,0,1,17600,25349,3,1,120000,0
3851658,1,1,1,26,1,0,22620,38640,3,0,100000,1
6610811,1,1,1,27,1,0,42450,31219,2,1,130000,1
7184081,1,1,1,43,1,0,25750,37733,0,1,90000,1
9022895,1,1,1,22,1,0,26100,33989,2,1,40000,1
7184823,1,1,1,51,1,0,27200,25221,2,1,60000,1
6538893,1,1,1,43,1,0,26950,34252,3,1,50000,1
1584906,1,1,1,61,1,0,19950,30291,11,1,80000,1
9706627,1,1,1,29,1,0,62850,40004,2,1,210000,1
1209535,1,1,1,54,1,0,21150,42466,3,1,80000,1
6402890,1,1,1,54,1,0,62650,37505,8,1,110000,1
6953849,1,1,1,39,1,0,46050,45722,7,1,70000,1
9564087,1,1,1,48,1,0,16400,25262,3,1,60000,1
5745159,1,1,1,49,1,0,66450,25009,2,1,90000,1
3652280,0,1,0,57,0,1,50100,20028,2,1,60000,0
5426881,1,0,1,49,0,1,25550,34155,3,0,60000,0
8724421,1,1,1,40,1,0,45450,31928,4,0,115000,1
1430044,1,1,1,40,1,0,32150,22981,3,0,50000,1
7867724,0,0,0,33,0,1,31050,38808,4,0,120000,0
5729509,1,1,1,62,1,0,30000,38343,2,0,40000,1
7645634,1,1,1,40,1,0,32150,21903,4,0,70000,1
4499912,0,0,0,43,0,1,42150,38459,7,0,70000,0
4162948,0,1,0,54,0,1,25950,22945,6,1,40000,0
8851547,0,1,0,19,0,1,72500,48822,6,1,50000,0
9236158,0,1,0,38,0,1,22150,30357,3,1,60000,0
5379710,1,1,1,26,1,0,25250,33515,3,0,40000,1
6583966,0,1,0,33,0,1,26000,47053,4,1,120000,0
9061693,1,1,1,37,1,0,45600,32209,2,1,60000,1
8110979,1,1,1,43,1,0,20250,46879,4,1,90000,1
9658918,0,1,0,61,0,1,37150,37305,3,0,40000,0
4294323,1,1,1,51,1,0,40400,29024,6,1,250000,1
8140642,1,1,1,59,1,0,26100,35848,3,1,80000,1
5390669,0,1,0,42,0,1,52210,37791,3,1,60000,0
2411297,1,1,1,36,1,0,40800,31075,2,1,40000,1
9836014,1,1,1,39,1,0,31950,24612,3,0,110000,1
2855272,1,1,1,26,1,0,15000,43396,1,1,40000,1
1381817,1,1,1,37,1,0,32950,34644,1,1,70000,1
3419410,1,1,1,46,1,0,25750,40844,3,1,90000,1
2233659,0,1,0,72,0,1,25000,37635,2,1,40000,0
9153994,0,1,0,52,0,1,36500,48166,7,1,160000,0
2455269,1,1,1,70,1,0,31400,23199,2,1,90000,1
3197890,0,1,0,32,0,1,35400,33267,5,0,100000,0
9910465,0,1,0,39,0,1,32900,42230,3,1,110000,0
2196868,0,1,0,31,0,1,35050,24890,4,0,90000,0
9198452,0,1,0,69,0,1,41800,48977,1,0,90000,0
9538551,0,1,0,63,0,1,51650,37115,3,1,80000,0
2747687,1,1,1,59,1,0,31800,21011,4,1,180000,1
7492928,1,1,1,34,1,0,31120,36252,6,1,40000,1
7645736,0,1,0,52,0,1,18500,47561,2,0,70000,0
8213237,0,1,0,75,0,1,66350,46774,3,0,100000,0
4417596,1,1,1,47,1,0,43700,34932,1,1,320000,1
3813758,0,1,0,51,0,1,15000,42059,3,0,100000,0
4781853,1,1,1,50,1,0,30950,26057,2,1,60000,1
4288035,0,1,0,43,0,1,50650,30540,3,0,240000,0
5299054,0,1,0,62,0,1,31650,31275,3,1,90000,0
5324499,0,1,0,65,0,1,26000,48656,1,1,40000,0
8340982,0,1,0,57,0,1,62550,42269,2,1,220000,0
2683149,1,1,1,31,1,0,20000,35809,1,0,90000,1
8100998,1,1,1,28,1,0,33800,34761,3,1,60000,1
2299591,1,1,1,42,1,0,22500,28976,1,1,60000,1
9050628,1,1,1,36,1,0,23250,21864,8,1,70000,1
5099906,1,1,1,49,1,0,50200,25309,4,1,70000,1
5533234,0,1,0,61,0,1,20050,48984,3,0,40000,0
5624810,0,1,0,26,0,1,51350,34440,3,1,120000,0
4654861,0,1,0,37,0,1,51250,49117,4,0,70000,0
9108610,0,1,0,19,0,1,17450,49062,2,1,80000,0
6459214,0,1,0,33,0,1,36400,35498,7,1,80000,0
1215813,0,1,0,50,0,1,26650,31271,3,1,120000,0
4230330,0,1,0,57,0,1,16150,49737,5,1,90000,0
8537602,0,1,0,59,0,1,20570,37212,2,0,40000,0
2063191,0,1,0,41,0,1,31450,48740,3,1,70000,0
4079233,1,1,1,52,1,0,36300,22736,7,1,110000,1
8131694,1,1,1,59,1,0,45850,28922,3,0,170000,1
6414994,0,1,0,43,0,1,21750,45779,3,1,40000,0
3260062,1,1,1,48,1,0,86300,24000,2,1,125000,1
8870680,0,1,0,38,0,1,70260,44408,1,1,80000,0
7756241,0,1,0,31,0,1,26250,36995,2,1,70000,0
1202336,0,1,0,41,0,1,37300,36965,3,1,60000,0
1483891,0,1,0,51,0,1,36750,31403,4,1,40000,0
7939998,1,1,1,48,1,0,30200,34658,2,1,80000,1
3731897,0,1,0,41,0,1,35850,44246,3,1,100000,0
2097515,1,1,1,36,1,0,26850,21443,2,1,80000,1
2977725,1,1,1,43,1,0,37000,36435,3,1,80000,1
3606286,1,1,1,36,1,0,66700,45720,3,1,370000,1
5815563,0,1,0,42,0,1,52200,43457,3,1,120000,0
2270563,0,1,0,49,0,1,46900,31560,3,0,240000,0
3911209,0,1,0,33,0,1,32200,33249,2,1,60000,0
6967688,0,1,0,22,0,1,17350,34753,4,0,50000,0
4002174,0,1,0,39,0,1,70300,48467,3,1,230000,0
5752871,0,1,0,66,0,1,34550,22244,1,0,60000,0
6917183,0,1,0,28,0,1,31950,34858,3,1,40000,0
5224830,1,1,1,28,1,0,27700,48808,3,0,80000,1
8254245,0,1,0,57,0,1,30250,36038,4,1,90000,0
5087924,1,1,1,47,1,0,31350,43063,3,0,90000,1
8790458,1,1,1,56,1,0,45400,28862,2,1,220000,1
6034921,1,1,1,32,1,0,17950,24820,5,1,60000,1
9495545,1,1,1,50,1,0,65050,30439,4,0,290000,1
2964920,1,1,1,52,1,0,50300,30359,7,1,250000,1
3375135,1,1,1,40,1,0,26150,28390,0,1,100000,1
1586344,0,1,0,34,0,1,18750,44312,2,1,60000,0
8271736,1,1,1,40,1,0,31200,42211,3,0,60000,1
6394390,0,1,0,62,0,1,69150,22794,2,1,240000,0
4770005,1,1,1,55,1,0,30000,25618,7,1,70100,1
9354858,0,1,0,35,0,1,37400,32915,2,1,40000,0
5310359,0,1,0,28,0,1,27250,46713,2,1,40000,0
3211568,0,1,0,27,0,1,50350,47109,5,1,110000,0
2223611,0,1,0,41,0,1,31750,49065,3,1,40000,0
2281075,0,1,0,44,0,1,50800,30481,2,1,60000,0
5812245,0,1,0,59,0,1,50700,39233,4,1,60000,0
3058723,1,1,1,34,1,0,32100,32655,3,1,50000,1
6415240,0,1,0,39,0,1,30000,48586,1,0,50000,0
4425284,1,1,1,55,1,0,25050,31219,3,1,50000,1
3954101,1,1,1,49,1,0,24170,36539,10,1,70000,1
2110966,1,1,1,48,1,0,66600,27482,2,1,200000,1
8018479,0,1,0,27,0,1,45600,26639,7,1,80000,0
4147809,1,1,1,47,1,0,46100,29888,8,1,320000,1
7109798,1,1,1,34,1,0,35200,25280,3,1,60000,1
1196570,0,1,0,35,0,1,25550,24964,2,1,60000,0
9888610,0,1,0,56,0,1,71400,41500,3,1,70000,0
4272896,0,1,0,29,0,1,35050,25776,2,1,60000,0
8847624,0,1,0,45,0,1,41950,24490,2,1,90000,0
6996796,0,1,0,50,0,1,31500,45996,3,1,80000,0
1803166,1,1,1,47,1,0,36450,23612,7,1,60000,1
4374155,1,1,1,36,1,0,36500,41274,2,1,50000,1
1608522,1,1,1,43,1,0,55200,38152,9,1,270000,1
6578621,1,1,1,34,1,0,23000,48394,3,0,120000,1
9983201,0,1,0,34,0,1,27230,33429,3,0,80000,0
6710646,1,1,1,55,1,0,55850,44630,2,1,190000,1
7568961,0,1,0,50,0,1,46200,23032,2,0,260000,0
5225407,0,1,0,47,0,1,46950,46741,3,0,80000,0
5331453,1,1,1,30,1,0,34050,33571,4,1,70000,1
4829045,0,1,0,38,0,1,38500,44278,2,1,89900,0
2649651,1,1,1,27,1,0,25350,30317,7,0,80000,1
4588306,1,1,1,46,1,0,50050,48957,1,1,110000,1
1876246,1,1,1,42,1,0,45400,26795,1,1,280000,1
6071005,1,1,1,39,1,0,47950,38173,3,1,210000,1
9805749,1,1,1,42,1,0,32450,49154,2,1,40000,1
2995443,1,1,1,29,1,0,36550,43290,2,1,60000,1
4846739,1,1,1,30,1,0,25250,26463,7,1,80000,1
5312494,1,1,1,58,1,0,41750,45848,6,0,50000,1
8604460,1,1,1,51,1,0,30250,35623,3,1,60000,1
8895745,0,1,0,49,0,1,46550,33267,2,1,140000,0
6073401,1,1,1,31,1,0,23250,30476,1,1,70000,1
4294613,1,1,1,63,1,0,26050,22338,3,1,90000,1
4193620,0,1,0,66,0,1,30100,32636,5,1,50000,0
1342940,0,1,0,56,0,1,25300,42493,8,1,290000,0
1188593,0,1,0,40,0,1,32100,31077,7,1,120000,0
6693215,1,1,1,30,1,0,23100,47454,1,1,80000,1
2061453,0,1,0,50,0,1,31600,48075,3,1,70000,0
6283805,1,1,1,49,1,0,45600,46676,2,1,90000,1
9480406,0,1,0,61,0,1,36550,31645,7,1,70000,0
3915983,0,1,0,49,0,1,32300,37537,4,1,70000,0
4594516,0,1,0,40,0,1,17000,35161,2,0,270000,0
1401948,1,1,1,35,1,0,37500,48407,7,0,40000,1
8487174,1,1,1,42,1,0,31600,43963,3,1,70000,1
4400451,0,1,0,40,0,1,17250,33873,4,0,85000,0
7132175,1,1,1,38,1,0,51850,48835,3,1,40000,1
6963953,0,1,0,41,0,1,16250,49687,2,1,80000,0
8228375,0,1,0,27,0,1,36350,39417,2,0,270000,0
7330792,0,1,0,51,0,1,18760,49819,7,1,60000,0
6126633,1,1,1,31,1,0,27950,22751,3,1,170000,1
9784714,1,1,1,50,1,0,15750,48265,2,1,55000,1
3985988,0,1,0,57,0,1,24330,30283,2,1,100000,0
4018318,1,1,1,43,1,0,23800,46642,4,0,70000,1
9016669,1,1,1,30,1,0,21250,24951,3,1,190000,1
1259471,0,1,0,48,0,1,19200,49877,7,1,40000,0
3707574,1,1,1,54,1,0,52200,38516,0,1,310000,1
7013144,0,1,0,55,0,1,37950,30233,3,1,60000,0
9675416,0,1,0,44,0,1,51220,28528,6,1,40000,0
5831208,0,1,0,32,0,1,29550,36005,2,1,95000,0
6968051,1,1,1,34,1,0,39850,41386,3,0,320000,1
9830485,0,1,0,39,0,1,18550,20231,4,1,90000,0
9994057,1,1,1,35,1,0,62100,48541,2,1,90000,1
3230422,0,1,0,47,0,1,50100,31063,3,1,109900,0
4293791,0,1,0,59,0,1,23650,28354,2,1,60000,0
5416671,0,1,0,30,0,1,30550,24770,2,1,60000,0
6750916,0,1,0,19,0,1,20550,21924,3,1,50000,0
5375926,0,1,0,46,0,1,61250,32759,4,0,70000,0
6064549,1,1,1,25,1,0,26800,42686,2,1,60000,1
6425551,1,1,1,36,1,0,52760,43234,4,1,70000,1
6285896,1,1,1,44,1,0,34000,20900,0,1,40000,1
7286168,1,1,1,38,1,0,26000,42533,5,1,80000,1
6106386,0,1,0,53,0,1,46200,43512,1,1,300000,0
3937605,0,1,0,32,0,1,27500,49646,3,1,110000,0
8814832,0,1,0,23,0,1,25150,23063,0,1,280000,0
5421126,0,1,0,38,0,1,45850,21499,4,1,60000,0
3170484,1,1,1,57,1,0,34700,22133,4,1,120000,1
5096971,1,1,1,33,1,0,45700,36521,3,1,70000,1
6582478,0,1,0,48,0,1,47250,49974,3,1,70000,0
5149426,1,1,1,41,1,0,19150,33096,6,1,95000,1
1871803,1,1,1,33,1,0,20220,23186,3,0,90000,1
4485695,0,1,0,61,0,1,37900,47723,1,1,110000,0
2804561,1,1,1,50,1,0,51550,33117,2,1,90000,1
9329971,0,1,0,49,0,1,36650,27840,2,1,60000,0
5174213,0,1,0,57,0,1,22500,37996,4,0,70000,0
2420177,1,1,1,39,1,0,16750,41116,3,1,40000,1
9619725,0,1,0,36,0,1,66100,33154,3,1,110000,0
9562161,0,1,0,30,0,1,27700,45267,3,1,120000,0
8062358,1,1,1,24,1,0,31150,23803,2,1,110000,1
3708333,1,1,1,33,1,0,25450,30024,3,1,50000,1
6105633,0,1,0,49,0,1,17200,28747,4,0,90000,0
9393758,0,1,0,40,0,1,21670,32149,4,1,40000,0
7872793,1,1,1,39,1,0,50150,44174,1,1,40000,1
2711645,0,1,0,45,0,1,49850,31193,4,1,1010000,0
4393171,1,1,1,49,1,0,36400,37342,7,1,70000,1
9180990,0,1,0,55,0,1,46650,33314,4,1,80000,0
9641539,0,1,0,39,0,1,31650,39198,3,1,40000,0
6399917,1,1,1,67,1,0,20250,43478,3,1,60000,1
8617295,1,1,1,39,0,0,16600,33316,4,0,70000,1
3904900,0,1,0,31,0,1,50200,47463,2,1,40000,0
6205415,0,1,0,50,0,1,52950,24361,2,0,90000,0
9124698,0,1,0,44,0,1,66500,39532,4,1,60000,0
4242976,0,1,0,29,0,1,35150,40488,3,1,110000,0
4704472,1,1,1,28,1,1,19510,36314,3,1,60000,1
7926881,0,1,0,46,0,1,32750,48135,4,1,50000,0
9160885,1,1,1,38,0,0,27000,22694,3,0,50000,1
1538396,1,1,1,54,1,0,51400,36340,4,1,80000,1
1838332,1,1,1,51,1,1,51900,43033,3,1,170000,1
8109602,0,1,0,52,0,1,27600,47682,2,1,70000,0
5080572,0,1,0,56,0,1,50500,37669,4,1,70000,0
6000464,0,1,0,31,0,1,42350,40808,2,1,60000,0
7401659,0,1,0,37,0,1,30750,27079,7,1,60000,0
5737514,1,1,1,30,1,0,25350,28726,2,1,50000,1
7671639,1,1,1,74,1,1,45300,35771,7,1,290000,1
2655727,1,1,1,69,1,1,41350,46829,2,1,60000,1
4983001,1,1,1,53,1,1,16550,21683,3,1,100000,1
9717872,0,1,0,40,0,1,17000,23058,2,1,70000,0
8324916,1,1,1,49,1,1,46700,23762,2,1,170000,1
9650216,1,1,1,62,1,1,16800,37613,1,0,70000,1
8636118,0,1,0,53,0,1,27050,37076,3,1,70000,0
2847888,0,1,0,75,0,1,45100,36782,3,0,240000,0
4913880,1,1,1,59,1,1,51400,36254,3,1,170000,1
6422358,1,1,1,51,1,1,50200,24187,3,1,170000,1
2850098,0,1,0,35,0,1,37850,31785,2,1,60000,0
8496877,1,1,1,33,1,1,66750,33992,2,0,90000,1
8317023,0,1,0,66,0,1,61700,27898,5,1,300000,0
4197858,1,1,1,25,1,1,36050,42521,3,1,50000,1
1148010,1,1,1,32,1,1,26900,40851,1,1,40000,1
7562755,1,1,1,42,1,1,31850,25953,2,1,260000,1
4061217,1,1,1,40,1,1,22350,34833,5,1,110000,1
8657863,0,1,0,44,0,1,25000,47431,2,1,80000,0
6800342,1,1,1,21,1,1,36850,31440,2,1,40000,1
7407475,1,1,1,38,1,1,36050,25496,7,1,90000,1
2633060,0,1,0,52,0,1,31050,23369,4,0,60000,0
1292152,1,1,1,62,1,1,51600,20110,3,1,80000,1
1584023,0,1,0,37,0,1,62650,24236,3,0,40000,0
2428911,1,1,1,39,1,1,34450,36338,3,0,55000,1
6265870,1,1,1,38,1,1,67100,36001,3,0,80100,1
7537970,1,1,1,26,1,1,26700,27597,2,1,70000,1
1996281,1,1,1,58,1,1,26600,21076,3,0,80000,1
9705191,0,1,0,37,0,1,36450,40495,6,1,90000,0
4493396,0,1,0,30,0,1,61100,32080,3,1,210000,0
7431194,0,1,0,38,0,1,77300,29291,2,1,190000,0
5031303,1,1,1,55,1,1,37550,42959,2,1,50000,1
3292274,1,1,1,45,1,1,54800,23493,0,1,200000,1
7890486,0,1,0,25,0,1,45900,35857,3,1,40000,0
8971694,1,1,1,42,1,1,24950,45451,3,1,60000,1
2956325,1,1,1,31,1,1,19370,41351,0,1,70000,1
1308032,0,1,0,52,0,1,61000,35244,7,1,90000,0
1388523,0,1,0,35,0,1,18650,40019,2,1,40000,0
1391733,1,1,1,51,1,1,56720,27248,3,0,90000,1
1349968,0,1,0,40,0,1,50150,39690,3,0,70000,0
8116324,1,1,1,35,1,1,30900,43116,2,1,80000,1
5613386,0,1,0,61,0,1,62600,26356,7,1,120000,0
9106523,1,1,1,47,1,1,30150,49936,8,1,130000,1
1127568,0,1,0,28,0,1,23850,42612,2,1,170000,0
6488958,0,1,0,33,0,1,23900,43309,3,1,160000,0
9083253,1,1,1,41,1,1,29830,43202,3,0,210000,1
1638610,1,1,1,49,1,1,95200,32936,5,1,100000,1
4320371,0,1,0,45,0,1,36800,47483,4,1,60000,0
8023363,0,1,0,28,0,1,28550,31383,2,1,140000,0
3528155,1,1,1,51,1,1,18900,29954,1,1,50000,1
5199597,0,1,0,49,0,1,52600,29168,7,1,70000,0
5681861,1,1,1,42,1,1,36200,43607,4,1,120000,1
6576853,1,1,1,45,1,1,26250,21332,4,1,160000,1
6675326,1,1,1,44,1,1,25100,22203,7,1,50000,1
9137410,0,1,0,31,0,1,36400,39840,2,1,110000,0
4426685,0,1,0,49,0,1,17900,42195,2,1,110000,0
3593084,1,1,1,48,1,1,60050,32883,2,1,50000,1
9773733,1,1,1,51,1,1,23270,43412,3,1,50000,1
3884372,0,1,0,45,0,1,51350,27302,5,1,70000,0
2075528,0,1,0,82,0,1,60050,48265,2,1,70000,0
3009714,0,1,0,57,0,1,33700,26569,4,1,70000,0
4752779,0,1,0,40,0,1,21250,33242,2,1,40000,0
1912830,1,1,1,40,1,1,60600,33823,7,1,110000,1
2637475,1,1,1,35,1,1,25600,37921,4,1,90000,1
3683155,1,1,1,46,1,1,25700,37643,3,1,80000,1
9233393,0,1,0,45,0,1,40250,39794,3,0,120000,0
7247056,0,1,0,76,0,1,70950,23716,4,1,70000,0
1381733,0,1,0,39,0,1,52700,43052,2,1,79900,0
8926870,1,1,1,38,1,1,22300,30767,3,1,80000,1
7314043,1,1,1,29,1,1,43330,27842,4,1,60000,1
8047611,1,1,1,53,1,1,16350,33455,4,1,60000,1
3273191,0,1,0,42,0,1,30000,32437,7,1,90000,0
2311000,1,1,1,55,1,1,25550,47265,2,1,60000,1
1812343,0,1,0,57,0,1,15050,28729,2,1,80000,0
2167408,1,1,1,23,1,1,25600,20627,3,1,90000,1
9400345,1,1,1,33,1,1,51600,43388,3,1,60000,1
8525280,0,1,0,59,0,1,42550,46411,4,0,70000,0
9844027,1,1,1,31,1,1,57000,43893,3,1,160000,1
9953275,1,1,1,53,1,1,62500,28485,3,1,60000,1
2924901,0,1,0,33,0,1,21970,28501,3,1,40000,0
4131497,0,1,0,56,0,1,36100,41643,2,0,170000,0
1644658,0,1,0,53,0,1,42650,34883,7,1,100000,0
3705233,0,1,0,42,0,1,36800,21058,3,0,40000,0
1152589,1,1,1,55,1,1,62350,28537,3,1,290000,1
8115866,0,1,0,35,0,1,18950,30331,2,1,60000,0
1183532,1,1,1,25,1,1,27150,35566,1,1,40000,1
2565842,1,1,1,50,1,1,22650,33714,6,0,110000,1
3527435,1,1,1,33,1,1,27450,45283,1,1,70000,1
4997778,0,1,0,26,0,1,40800,26809,2,1,1010000,0
4578652,0,1,0,30,0,1,31700,37734,4,0,110000,0
8770064,1,1,1,28,1,1,21800,21039,3,1,50000,1
5565571,0,1,0,45,0,1,37000,43267,1,1,50000,0
9394121,1,1,1,50,1,1,37400,40075,7,1,50000,1
8794806,1,1,1,48,1,1,17250,41774,4,1,50000,1
2011207,0,1,0,43,0,1,31750,20162,2,1,60000,0
6029851,0,1,0,31,0,1,47250,36830,2,1,40000,0
9750068,1,1,1,33,1,1,16750,24286,4,0,90000,1
3306815,0,1,0,61,0,1,52850,35107,4,0,70000,0
8107893,1,1,1,38,1,1,28050,41292,3,1,80000,1
7331753,1,1,1,38,1,1,16550,22987,2,1,60000,1
6199367,1,1,1,44,1,1,15900,49308,7,1,45000,1
9755216,1,1,1,66,1,1,24020,41788,4,0,170000,1
9072756,0,1,0,61,0,1,30800,25262,4,1,90000,0
5380859,1,1,1,27,1,1,25200,20723,2,1,90000,1
3554228,0,1,0,62,0,1,36650,27865,8,1,110000,0
1416681,1,1,1,41,1,1,55350,46777,1,1,90000,1
2098437,0,1,0,28,0,1,22150,48778,2,1,60000,0
9706101,0,1,0,58,0,1,37500,24433,4,0,80000,0
6515766,0,1,0,33,0,1,32700,29018,2,1,70000,0
4577756,0,1,0,32,0,1,17750,27336,4,1,100000,0
6419235,0,1,0,43,0,1,38700,23040,3,1,60000,0
3189985,0,1,0,28,0,0,16900,40441,4,0,40000,0
9129102,1,1,1,51,1,1,31650,47701,2,1,110000,1
6324492,1,1,1,34,1,1,17450,29707,4,1,190000,1
6269380,1,1,1,50,1,1,15650,28260,7,1,45000,1
2411442,1,1,1,35,1,1,65150,25097,3,0,160000,1
6982693,0,1,0,29,1,1,32250,40119,4,1,80000,0
6165877,1,1,1,31,1,1,35100,41750,0,1,270000,1
4833994,0,1,0,46,1,0,31550,42336,3,1,120000,0
9646990,0,1,0,43,1,0,48000,41011,2,1,60000,0
8625906,0,1,0,32,1,0,31730,32558,4,1,80000,0
1598225,1,1,1,43,1,1,36350,29948,0,1,80000,1
7844830,1,1,1,50,1,1,54520,49456,4,0,85000,1
7877414,0,1,0,53,0,1,36800,30042,2,0,60000,0
1288195,0,1,0,38,1,1,16850,44951,10,1,100000,0
4099274,0,1,0,22,1,1,23200,20306,6,1,70000,0
6875138,1,1,1,31,1,1,24050,45476,1,1,60000,1
1232919,1,1,1,37,1,1,27400,36335,4,0,80000,1
9501701,0,1,0,56,1,1,65700,24172,4,0,90000,0
5291545,0,1,0,49,1,1,27150,40508,2,1,70000,0
3080686,1,1,1,35,1,1,18650,22828,6,1,50000,1
1509992,0,1,0,41,1,1,37250,29245,1,1,110000,0
8610745,0,1,0,34,1,1,25800,36156,4,1,40000,0
2853213,1,1,1,62,1,1,31450,32323,3,1,60000,1
4439665,1,1,1,27,1,1,19250,41654,2,1,40000,1
2671448,0,1,0,46,1,1,42500,31980,10,1,110000,0
9777313,1,1,1,67,1,1,26450,42796,7,1,60000,1
8374892,0,1,0,22,1,1,18600,22639,1,1,40000,0
6955985,1,1,1,37,1,1,27300,45081,4,0,110000,1
6400621,1,1,1,66,1,1,34600,34988,4,1,50100,1
2055113,1,1,1,40,1,1,47450,42903,3,1,40000,1
3185160,1,1,1,46,1,1,22000,45479,7,1,60000,1
5159098,1,1,1,44,1,1,33290,44109,3,1,40000,1
5203927,0,1,0,60,1,1,36900,43078,7,1,90000,0
1287663,1,1,1,52,1,1,27400,44646,4,1,80000,1
6565470,1,1,1,68,1,1,89020,32441,7,1,70000,1
5356768,1,1,1,50,1,1,22250,41825,1,1,60000,1
7438709,1,1,1,26,1,1,36400,35515,4,0,55000,1
8847253,0,1,0,41,1,1,52150,43997,3,1,90000,0
4964184,0,1,0,25,1,1,30950,39409,2,1,40000,0
1541863,1,1,1,48,1,1,51750,35577,3,0,160000,1
7478909,0,1,0,41,1,1,27740,22973,10,1,90000,0
6358708,1,1,1,33,1,1,21700,41668,7,1,40000,1
4905075,1,1,1,33,1,1,26850,31955,2,1,60000,1
9935920,1,1,1,40,1,1,31400,23382,4,1,45000,1
5996027,1,1,1,56,1,1,52250,21859,3,1,190000,1
3751567,0,1,0,34,1,1,27600,22805,8,1,80000,0
4168618,0,1,0,18,1,1,22950,32666,2,1,120000,0
6342472,1,1,1,51,1,1,35850,31171,3,1,80000,1
2008283,0,1,0,54,1,1,39650,30160,5,0,40000,0
2009764,0,1,0,38,1,1,86870,37946,3,1,90000,0
8555673,0,1,0,44,1,1,26650,35412,4,1,60000,0
5440794,0,1,0,62,1,1,51550,41752,4,1,305000,1
4392299,1,1,1,36,1,1,50550,30636,6,1,280000,1
7323052,0,1,0,65,1,1,60800,44555,6,1,90000,0
4762876,0,1,0,43,1,1,30100,23232,3,0,80000,0
1337933,1,0,1,35,1,1,25050,33961,3,0,60000,1
6923000,0,1,0,44,1,1,26400,39919,2,0,240000,0
1562859,0,1,0,56,1,1,30000,45467,1,1,50000,0
8724056,1,1,1,42,1,1,47950,47571,0,1,70000,1
2360466,1,0,1,60,1,1,89520,47521,4,0,120000,1
4146591,0,1,0,55,1,1,35050,36502,7,1,40000,0
6672247,0,1,0,37,1,1,46800,48559,8,1,90000,0
5130530,0,1,0,78,1,1,27150,40777,3,1,70000,1
7672499,0,1,0,22,1,1,17350,34278,2,1,80000,0
4151307,0,1,0,47,1,1,25100,31877,3,1,40000,0
9588689,1,1,1,43,1,1,42300,28897,3,1,110000,1
2954946,0,1,0,22,1,1,25020,41922,3,1,50000,1
2465260,0,1,0,50,1,1,16700,24758,6,1,60000,1
5432413,0,1,0,42,1,1,31250,47662,5,1,210000,1
2190162,1,1,1,50,1,1,24600,21184,3,1,70000,1
3855405,1,0,1,69,1,1,27650,43270,3,1,70000,1
7266657,1,0,1,54,1,1,62850,48951,4,1,110000,1
6248557,0,1,0,37,1,1,24650,20713,3,1,60000,0
3456524,1,0,1,50,1,1,52300,24174,3,1,120000,1
6324649,1,0,1,62,1,1,63020,29247,2,1,95000,1
3960325,0,1,0,39,1,1,40200,24983,2,0,40000,0
9204579,0,1,0,56,1,1,25050,31996,7,1,110000,0
2352191,0,1,0,63,1,1,20600,46347,4,1,70000,0
4936083,1,0,1,33,1,1,42800,26611,2,1,105000,1
9216889,1,0,1,31,1,1,31550,30937,4,0,80000,1
7807172,0,1,0,42,1,1,25790,32369,4,0,90000,0
3724961,0,1,0,57,1,1,24700,31047,3,1,90000,0
3887321,1,0,1,39,1,1,35900,22637,3,1,135000,1
9127544,1,0,1,42,1,1,21450,43788,3,0,70000,1
4806284,1,0,1,43,1,1,47050,49398,3,0,60000,1
7056712,1,0,1,41,1,1,50900,20770,4,1,80000,1
8540437,0,1,0,41,1,1,36350,45919,4,1,70000,0
1834384,0,1,0,34,1,1,40100,49793,4,0,110000,0
5066320,1,0,1,40,1,1,62300,20946,6,1,240000,1
5549917,0,1,0,49,1,1,45650,20117,7,1,80000,0
6401226,0,1,0,33,1,1,19150,27869,6,1,50000,0
5744913,0,1,0,42,1,1,35300,34875,4,0,110000,0
6767950,1,0,1,38,1,1,31850,49734,0,1,50000,1
5775460,0,1,0,65,1,1,31500,27854,8,1,520000,0
9305108,0,1,0,35,1,1,31350,34318,4,0,40000,0
3871675,0,1,0,50,1,1,22320,26862,4,1,40000,0
9745319,1,0,1,28,1,1,27650,35476,4,0,90000,1
3948151,1,0,1,38,1,1,35850,21469,3,1,80000,1
2498979,0,1,0,30,1,1,46000,24409,3,1,240000,0
2128992,1,0,1,60,1,1,31050,44538,3,1,40000,1
1243779,1,0,1,54,1,1,72750,29703,6,1,135000,1
4342792,0,1,0,34,1,1,17300,44903,3,1,80000,0
6422517,1,0,1,50,1,1,84850,43202,7,1,40000,1
3906501,1,0,1,36,1,1,32550,47429,0,1,50000,1
6103134,1,0,1,34,1,1,30050,47255,2,1,110000,1
1991763,0,1,0,33,1,1,62300,41623,3,1,120000,0
4108542,0,1,0,30,1,1,28330,43707,3,1,50000,0
1521863,1,0,1,44,1,1,30700,39526,3,1,120000,1
6439811,1,0,1,47,1,1,52450,21162,3,1,100000,1
1866554,0,1,0,39,1,1,52850,27933,3,1,100000,0
7167870,0,1,0,33,1,1,27300,41814,2,1,60000,0
5181543,1,0,1,23,1,1,31600,29248,10,0,270000,1
9389680,0,1,0,38,1,1,25550,21535,4,1,90000,0
8799270,1,0,1,38,1,1,30300,31925,3,1,60000,1
5351277,0,1,0,55,1,1,25670,42516,3,1,40000,0
6184531,1,0,1,35,1,1,21550,38006,8,1,100000,1
9647469,0,1,0,30,1,1,32550,28447,5,1,120000,0
5509307,1,0,1,37,1,1,15300,24493,3,1,50000,1
2139419,1,0,1,59,1,1,30000,41829,10,1,70000,1
7546268,0,1,0,80,1,1,27300,39515,3,1,60000,0
7165668,0,1,0,46,1,1,39380,43955,8,0,90000,0
5815430,0,1,0,38,1,1,17800,34365,3,1,80000,0
5574919,1,0,1,42,1,1,51500,34345,0,1,50000,1
8014150,1,0,1,45,1,1,18680,47380,3,1,55000,1
6354550,0,1,0,29,1,1,30550,47313,4,0,190000,0
3625257,1,0,1,54,1,1,52550,34661,3,1,100000,1
4152465,1,0,1,51,1,1,38950,46642,7,1,60000,1
6230477,0,1,0,52,1,1,32300,21252,6,1,70000,0
3001489,0,1,0,32,1,1,31700,35926,4,1,125000,0
4181597,1,0,1,46,1,1,31700,28120,3,1,120000,1
9927628,0,1,0,33,1,1,37850,42898,2,1,110000,0
2458633,1,0,1,53,1,1,30150,20507,2,1,50000,1
3914136,0,1,0,27,1,1,37850,45203,3,1,110000,0
9893051,0,1,0,65,1,1,35100,29647,7,1,80000,0
3365529,1,0,1,31,1,1,26030,23674,5,0,80000,1
3668603,1,0,1,45,1,1,35400,23543,1,1,280000,1
1185897,0,1,0,28,1,1,23700,25811,3,0,40000,0
1962157,1,0,1,56,1,1,55520,43882,4,1,110000,1
9617136,1,0,1,47,1,1,27550,21123,6,1,80000,1
9420783,1,0,1,32,1,1,16600,38016,5,0,70000,1
2305184,0,1,0,53,1,1,31950,29286,3,0,80000,0
3910934,0,1,0,53,1,1,36250,33563,2,1,115000,0
7888194,0,1,0,62,1,1,26050,35816,3,1,120000,0
9031307,0,1,0,33,1,1,47250,40824,7,1,90000,0
2895328,0,1,0,50,1,1,31600,35349,1,1,60000,0
8120284,0,1,0,45,1,1,47350,41189,2,1,100000,0
4753613,1,0,1,48,1,1,42400,44532,2,0,70000,1
6206830,1,0,1,42,1,1,35750,46871,7,1,40000,1
3965932,1,0,1,50,1,1,66850,38725,1,1,60000,1
7567791,0,1,0,27,1,1,36870,45464,3,0,70000,0
3516450,0,1,0,50,1,1,37150,40709,7,1,120000,0
6464605,1,0,1,52,1,1,32200,26924,4,0,70000,1
8185676,1,0,1,27,1,1,17750,40295,4,1,70000,1
7362594,1,0,1,54,1,1,36350,49482,2,1,70000,1
4800656,1,0,1,23,1,1,25550,20355,1,1,70000,1
8194957,1,0,1,42,1,1,35050,27091,3,1,45000,1
8614766,0,1,0,34,1,1,23020,42868,3,1,40000,0
7864172,1,0,1,42,1,1,91950,45569,4,0,90000,1
9270928,1,0,1,33,1,1,21190,32917,2,1,40000,1
6398188,0,1,0,47,1,1,27350,32884,8,1,120000,0
2937569,1,0,1,38,1,1,37850,40046,3,0,210000,1
8702556,1,0,1,62,1,1,31850,43124,2,1,90000,1
8242354,1,0,1,42,1,1,27850,31335,3,1,60000,1
6081236,0,1,0,60,1,1,50050,43148,1,1,120000,0
3781086,0,1,0,26,1,1,35000,26168,3,1,40000,0
7696608,1,0,1,47,1,1,82650,25271,3,1,40000,1
5892067,1,0,1,38,1,1,52200,31597,2,1,80000,1
4334432,1,0,1,45,1,1,20450,37477,4,0,55000,1
5833373,0,1,0,18,1,1,16650,30372,3,1,70000,0
3605550,1,0,1,43,1,1,46450,45074,10,0,160000,1
2229619,1,0,1,24,1,1,17450,37382,2,1,90000,1
8619293,1,0,1,35,1,1,61410,44689,2,1,100000,1
4062493,1,0,1,48,1,1,92300,26918,3,1,290000,1
4703452,0,1,0,42,1,1,27700,32573,1,1,120000,0
7298517,0,1,0,58,1,1,32350,27014,5,1,70000,0
2548290,0,1,0,33,1,1,52500,35569,3,1,80000,0
5911974,1,0,1,48,1,1,42100,46333,3,0,120000,1
7224475,0,1,0,67,1,1,30600,42234,3,1,70000,0
5191146,1,0,1,29,1,1,30950,22352,3,0,50000,1
7943168,0,1,0,34,1,1,35450,48609,5,1,40000,0
9342743,1,0,1,27,1,0,65400,21658,1,1,50000,1
2111650,1,0,1,49,1,1,72950,43993,3,1,200000,1
2232065,0,1,0,41,1,1,31750,32819,3,1,115000,0
3823425,0,1,0,32,1,1,50800,40774,2,1,60000,0
5537216,1,0,1,36,1,0,25100,34998,2,1,60000,1
9311290,1,0,1,45,1,1,61650,41823,2,1,50000,1
1372685,0,1,0,73,1,1,18500,22140,3,1,100000,0
4943105,1,0,1,56,1,1,62850,36475,3,1,40000,1
9375016,1,0,1,36,1,0,20200,28054,3,1,90000,1
7792863,0,1,0,40,1,1,65900,31587,3,1,40000,0
9410329,1,0,1,40,1,1,70550,24936,5,1,40000,1
1749651,0,1,0,25,1,1,25250,48255,1,1,50000,0
8950963,1,0,1,61,1,1,20150,24078,4,1,135000,1
1885562,1,0,1,32,1,0,23000,40276,2,1,110000,1
9268408,1,0,1,36,1,0,46250,22590,4,1,190000,1
1225954,0,1,0,52,1,1,50550,39924,7,1,90000,0
4777056,1,0,1,54,1,1,18450,43010,3,1,55000,1
3459881,0,1,0,72,1,1,26300,23136,6,1,40000,0
5564000,0,1,0,61,1,1,40450,31900,5,1,40000,0
2643081,0,1,0,56,1,1,24450,27653,3,1,90000,0
5818129,1,0,1,43,1,1,25000,25866,2,1,70000,1
2455073,1,0,1,33,1,0,36400,34330,7,1,40000,1
8798346,0,1,0,29,1,1,17450,38676,1,1,90000,0
4827573,0,1,0,49,1,1,15450,28312,3,1,60000,0
8575369,1,0,1,46,1,0,52600,21862,0,1,270000,1
4878928,1,0,1,34,1,1,67200,35452,4,1,280000,1
3077952,1,0,1,42,0,1,15750,34150,4,0,90000,1
7477227,1,0,1,33,0,1,41450,23957,1,1,40000,1
4154096,1,0,1,57,0,1,32900,34553,5,1,70000,1
9915763,1,0,1,30,0,1,32350,39630,4,1,60000,1
7727800,1,0,1,48,0,1,49900,41452,7,1,100000,1
7198619,1,0,1,32,0,1,25250,22739,5,1,90000,1
4577855,1,0,1,59,0,1,51650,27157,2,1,70000,1
6803061,1,0,1,42,0,1,45250,22521,2,1,40000,1
5333046,1,0,1,49,0,1,59950,39784,8,1,390000,1
8940164,0,1,0,41,1,1,60150,48570,3,1,90000,0
7778072,0,1,0,31,1,1,31800,23640,2,1,60000,0
8587296,1,0,1,60,0,1,36150,41244,2,1,60000,1
9252225,1,0,1,57,0,1,27800,21329,1,1,40000,1
2698640,0,1,0,44,1,1,42700,43193,3,1,70000,0
5548247,1,0,1,32,0,1,54210,24796,3,1,170000,1
6872592,1,0,1,37,0,1,35650,28070,5,1,70000,1
9645438,1,0,1,34,0,1,17850,48148,4,1,70000,1
9138767,1,0,1,46,0,1,36850,43725,5,1,90000,1
1231775,0,1,0,34,1,1,51600,20009,4,1,120000,0
5585130,0,1,0,52,1,1,50450,30629,4,1,40000,0
9052775,0,1,0,39,1,1,35400,41262,3,1,60000,0
8936968,0,1,0,51,1,1,35600,46938,4,1,40000,0
9743496,0,1,0,45,1,1,32000,22201,3,1,80000,0
2994092,0,1,0,34,1,1,46300,27338,1,1,110000,0
8376623,1,0,1,33,0,1,33650,47902,4,0,70000,1
2093300,0,1,0,45,1,1,36000,35063,3,0,80000,0
4276359,1,0,1,40,0,1,31100,49757,2,1,130000,1
3234442,1,0,1,34,0,1,32850,20490,4,1,125000,1
2621153,1,0,1,32,0,1,55450,44288,3,1,140000,1
2526829,0,1,0,34,1,1,17500,46363,2,1,60000,0
4524738,0,1,0,55,1,1,37750,35175,4,0,70000,0
9027799,0,1,0,46,1,1,25800,35856,4,1,120000,0
8307545,0,1,0,33,1,1,15550,45406,4,1,80000,0
7445022,0,1,0,43,1,1,52950,24105,2,1,120000,0
5859688,0,1,0,56,1,1,52000,44867,3,1,50000,0
7472352,0,1,0,62,1,1,66150,31167,3,1,109900,0
1796486,0,1,0,52,1,1,32800,47264,3,0,70000,0
9797113,0,1,0,58,1,1,32100,33067,3,0,40000,0
6786554,1,0,1,38,0,1,24150,36234,7,1,60000,1
5044397,1,0,1,34,0,1,60300,29532,6,0,300000,1
3104345,0,1,0,30,1,1,31350,44888,3,1,110000,0
5206048,1,0,1,39,0,1,30900,34204,2,1,70000,1
4510256,0,1,0,79,1,1,61550,46014,3,0,190000,0
2887569,0,1,0,52,1,1,37600,22643,4,1,60000,0
3461213,1,0,1,24,0,1,30900,47291,3,1,60000,1
2930836,0,1,0,42,1,1,20400,35362,4,1,60000,0
6864555,1,0,1,37,0,1,51850,38919,4,0,120000,1
2344973,1,0,1,25,0,1,20100,31982,9,0,80000,1
9386836,1,0,1,43,0,1,23260,41820,3,0,60000,1
3395759,1,0,1,31,0,1,32700,46430,4,0,140000,1
9837617,1,0,1,55,0,1,53960,22946,2,1,60000,1
3427303,1,0,1,37,0,1,26950,26469,4,1,60000,1
8224695,1,0,1,47,0,1,52760,35200,4,0,120000,1
8642330,0,1,0,65,1,1,50400,46575,4,1,70000,0
6467652,1,0,1,71,0,1,50550,21507,2,1,170000,1
8139132,0,1,0,37,1,1,24370,40824,3,1,40000,0
9207256,0,1,0,63,1,1,17100,46247,7,1,50000,0
7409992,0,1,0,65,1,1,66000,42375,1,1,70000,0
2693184,0,1,0,57,1,1,27350,28810,7,1,50000,0
2133985,1,0,1,58,0,1,52250,36638,2,1,280000,1
5419242,0,1,0,28,1,1,36000,26324,3,1,80000,0
4494439,0,1,0,51,1,1,18250,25277,2,1,90000,0
2831871,0,1,0,53,1,1,54320,49214,7,1,40000,0
7889728,0,1,0,46,1,1,26200,45619,5,1,40000,0
4827111,0,1,0,68,1,1,71320,39634,6,0,70000,0
6612010,1,0,1,43,0,1,31200,33340,7,1,135000,1
8043779,0,1,0,60,1,1,27400,25994,2,1,80000,0
8425809,1,0,1,34,0,1,40200,26228,3,1,80000,1
5382253,0,1,0,30,1,1,22150,38772,4,1,80000,0
3759579,1,0,1,42,0,1,22850,25085,3,1,90000,1
7705167,0,1,0,39,1,1,25350,24753,4,1,80000,0
2182466,0,1,0,60,1,1,17650,24279,4,1,40000,0
7282091,0,1,0,53,1,1,56570,39085,3,0,145000,0
4794992,1,0,1,39,0,1,17200,42707,5,1,50000,1
7207594,0,1,0,49,1,1,36250,27827,5,1,110000,0
6334590,0,1,0,27,1,1,29450,40326,3,1,170000,0
3254259,0,1,0,49,1,1,46750,37716,3,1,40000,0
2291333,0,1,0,54,1,1,52150,24599,2,1,55000,0
1966730,0,1,0,84,1,1,52050,26409,4,0,70000,0
8583804,1,0,1,32,0,1,36700,35462,3,1,60000,1
8997769,0,1,0,60,1,1,25550,41765,5,1,70000,0
4492201,1,0,1,42,0,1,91800,36119,2,1,70000,1
2828165,0,1,0,51,1,1,36250,34656,3,1,40000,0
3528960,1,0,1,53,0,1,18950,31149,3,1,40000,1
8099082,0,1,0,42,1,1,35050,49579,2,0,115000,0
2394471,1,0,1,66,0,1,52250,24624,4,0,170000,1
2992402,1,0,1,49,0,1,31760,44106,4,0,50000,1
1964402,0,1,0,45,1,1,52650,41401,4,1,60000,0
5231911,0,1,0,43,1,1,35550,38991,2,1,60000,0
2612708,0,1,0,30,1,1,27700,22023,4,0,85000,0
8609502,0,1,0,40,1,1,36050,26303,3,0,90000,0
7817336,1,0,1,50,0,1,51500,40311,3,1,40000,1
9815805,0,1,0,63,1,1,50300,38040,3,1,60000,0
3945884,1,0,1,46,0,1,25850,35684,8,0,110000,1
2470048,1,0,1,43,0,1,35300,31208,3,1,70000,1
5216725,0,1,0,27,1,1,18100,46753,4,1,70000,0
6036271,0,1,0,49,1,1,27850,24608,3,1,110000,0
2445290,0,1,0,59,1,1,64130,24414,9,1,40000,0
6664423,1,0,1,38,0,1,51850,27851,7,1,50000,1
9483853,0,1,0,44,1,1,22950,22138,3,1,60000,0
6318588,0,1,0,48,1,1,51600,47580,4,1,210000,0
8694800,0,1,0,56,1,1,50600,25345,3,1,40000,0
4674244,0,1,0,34,1,1,51510,20598,3,1,40000,0
4062222,1,0,1,28,0,1,50100,44321,4,1,160000,1
7046626,1,0,1,65,0,1,25950,24502,3,1,40000,1
6879090,0,1,0,48,1,1,29150,43452,3,0,80000,0
5279340,1,0,1,53,0,1,60100,43892,4,1,100000,1
3155691,0,1,0,30,1,1,51500,29909,5,1,90000,0
6142084,0,1,0,53,1,1,25350,33746,3,1,90000,0
4012381,1,0,1,24,0,1,26200,48803,4,1,50000,1
1283366,0,1,0,31,1,1,21450,40352,4,1,60000,0
2594424,0,1,0,29,1,1,49820,28772,2,1,55000,0
7316442,1,0,1,41,0,1,27150,42662,3,0,40000,1
4362306,0,1,0,47,1,1,36200,49885,5,1,70000,0
3308838,1,0,1,25,0,1,22450,20128,4,1,140000,1
3029324,1,0,1,61,0,1,47950,29873,2,0,60000,1
8370392,0,1,0,37,1,1,46750,31734,2,0,40000,0
9705555,1,0,1,32,0,1,26400,30647,1,1,80000,1
8662234,0,1,0,62,1,1,45460,30066,3,1,170000,0
2384618,0,1,0,33,1,1,36450,36272,3,1,120000,0
8432398,1,0,1,27,0,1,23800,22530,7,1,120000,1
8674649,0,1,0,44,1,1,17850,22873,2,0,240000,0
4492015,0,1,0,34,1,1,31750,40435,2,1,70000,0
2750765,0,1,0,28,1,1,23100,28081,4,1,40000,0
3789912,1,0,1,33,0,1,25700,21970,3,1,70000,1
7224078,1,0,1,53,0,1,54950,29143,3,1,70000,1
4862652,1,0,1,44,0,1,52100,22273,4,0,80000,1
7519493,1,0,1,44,0,1,43850,27978,2,1,170000,1
3838968,0,1,0,25,1,1,42850,48076,9,0,60000,0
4487729,1,0,1,47,0,1,29100,37173,3,1,80000,1
7816808,0,1,0,49,1,1,37050,22780,3,0,40000,0
3555927,0,1,0,85,1,1,52700,32741,3,0,40000,0
4924737,0,1,0,40,1,1,26350,20637,3,1,40000,0
4124160,0,1,0,53,1,1,51900,28800,1,0,40000,0
6648984,1,0,1,60,0,1,19500,36799,1,0,80000,1
7230874,0,1,0,56,1,1,50000,23467,3,1,40000,0
1642495,0,1,0,29,1,1,40270,36787,10,0,60000,0
1970320,0,1,0,37,1,1,66850,33165,4,0,90000,0
7783744,0,1,0,25,1,1,34600,38290,4,1,90000,0
2278428,0,1,0,37,1,1,32050,39191,4,0,70000,0
8071065,0,1,0,48,1,1,50000,23176,3,0,110000,0
3874357,0,1,0,30,1,1,54370,32792,3,0,70000,0
3699692,0,1,0,49,1,1,51850,29658,3,1,170000,0
6149357,1,0,1,32,0,1,26450,33967,0,1,50000,1
6194335,1,0,1,51,0,1,52050,22527,1,1,320000,1
7223887,0,1,0,43,1,1,24150,26912,4,1,90000,0
2036906,1,0,1,58,0,1,66550,22904,2,1,60000,1
1890199,1,0,1,63,0,1,32450,24344,0,1,40000,1
4982856,0,1,0,62,1,1,46550,44719,7,0,70000,0
6120720,0,1,0,39,1,1,22500,38140,3,1,50000,0
4920019,0,1,0,57,1,1,16200,38695,3,1,110000,0
6033929,1,0,1,37,0,1,31850,45566,3,1,55000,1
7469322,1,0,1,31,0,1,21000,22524,3,1,60000,1
8415640,1,0,1,41,0,1,17800,36526,4,1,80000,1
1505124,0,1,0,31,1,1,65500,48331,2,0,90000,0
3337149,0,1,0,38,1,1,32350,41271,2,1,80000,0
9751589,1,0,1,44,0,1,25800,23056,3,1,100000,1
8564430,1,0,1,37,0,1,40200,26934,1,0,140000,1
5098778,0,1,0,41,1,1,31750,20585,3,0,210000,0
6186678,1,0,1,43,0,1,50650,27228,5,1,210000,1
2689700,1,0,1,44,0,1,24050,41469,7,1,115000,1
5317774,1,0,1,50,0,1,52750,20656,3,1,240000,1
3474500,1,0,1,64,0,1,24900,32655,8,1,130000,1
3889401,1,0,1,45,0,1,52510,25567,4,0,40000,1
6350065,0,1,0,27,1,1,51650,24861,2,1,50000,0
4307456,0,1,0,39,1,1,47100,20166,3,0,240000,0
6774041,1,0,1,37,0,1,40350,44461,2,1,100000,1
8070941,1,0,1,24,0,1,18500,44529,2,1,50000,1
6979009,0,1,0,49,1,1,31650,42090,3,0,60000,0
1380225,0,1,0,28,1,1,31350,40922,3,1,119900,0
8323756,1,0,1,55,0,1,47850,42892,2,1,60000,1
8490936,1,0,1,44,0,1,32200,25805,4,1,90000,1
1724394,1,0,1,43,0,1,26500,27030,2,0,50000,1
8981871,0,1,0,50,1,1,37600,35517,7,1,90000,0
4166960,1,0,1,52,0,1,61850,36464,5,0,80000,1
4000334,1,0,1,45,0,1,31750,49849,3,1,60000,1
7491552,1,0,1,68,0,1,51950,43154,7,1,80000,1
3075940,1,0,1,45,0,1,34650,41147,3,0,145000,1
5172207,0,1,0,43,1,1,27000,48937,2,1,40000,0
8575702,1,0,1,44,0,1,35500,43630,2,1,60000,1
6159509,1,0,1,63,0,1,32750,27988,3,1,45000,1
4832588,1,0,1,42,0,1,17200,21747,7,1,45000,1
8441211,0,1,0,48,1,1,16000,23916,3,1,70000,0
9412946,1,0,1,39,0,1,21100,48484,8,1,40000,1
5607120,0,1,0,43,1,1,27700,25784,3,1,80000,0
6125427,1,1,1,54,1,1,26400,43342,4,1,50000,0
8179766,1,1,1,23,1,1,35750,48301,2,1,40000,0
6859829,1,0,1,54,0,1,16650,28967,7,1,60000,1
4701415,1,0,1,36,0,1,35750,32582,3,1,70000,1
8914526,1,1,1,41,0,1,61750,27196,4,1,60000,1
